entity_id,event_type,event,time,pathway,run_number,timestamp,resource_id,x,y,location,package_count,task_duration_mins
RoboPack-1,arrival_departure,arrival,0.0,,,,,300.0,300.0,,,
RoboPack-1,queue,packing,0.0,,,,,300.0,300.0,,,
RoboPack-1,position_poll,position,0.0,,,,,300.0,300.0,,,
RoboPack-1,position_poll,position,1.0,,,,,300.0,300.0,,,
RoboPack-1,position_poll,position,2.0,,,,,300.0,300.0,,,
RoboPack-1,position_poll,position,3.0,,,,,300.0,300.0,,,
RoboPack-1,position_poll,position,4.0,,,,,300.0,300.0,,,
RoboPack-1,position_poll,position,5.0,,,,,300.0,300.0,,,
RoboPack-1,position_poll,position,6.0,,,,,200.0,300.0,,,
RoboPack-1,position_poll,position,7.0,,,,,200.0,400.0,,,
RoboPack-1,position_poll,position,8.0,,,,,200.0,500.0,,,
RoboPack-1,action,picked_up_5_packages,8.0,,,,,200.0,500.0,pickup_2,,
RoboPack-1,position_poll,position,9.0,,,,,200.0,500.0,,,
RoboPack-1,position_poll,position,10.0,,,,,300.0,500.0,,,
RoboPack-1,position_poll,position,11.0,,,,,300.0,400.0,,,
RoboPack-1,queue,pickup_2,11.0,,,,,300.0,300.0,,5.0,
RoboPack-1,position_poll,position,12.0,,,,,300.0,300.0,,,
RoboPack-1,position_poll,position,13.0,,,,,300.0,300.0,,,
RoboPack-1,position_poll,position,14.0,,,,,300.0,300.0,,,
RoboPack-1,position_poll,position,15.0,,,,,300.0,300.0,,,
RoboPack-1,position_poll,position,16.0,,,,,300.0,300.0,,,
RoboPack-1,position_poll,position,17.0,,,,,300.0,300.0,,,
RoboPack-1,position_poll,position,18.0,,,,,300.0,300.0,,,
RoboPack-1,position_poll,position,19.0,,,,,300.0,300.0,,,
RoboPack-1,position_poll,position,20.0,,,,,300.0,300.0,,,
RoboPack-1,position_poll,position,21.0,,,,,300.0,300.0,,,
RoboPack-1,position_poll,position,22.0,,,,,300.0,300.0,,,
RoboPack-1,position_poll,position,23.0,,,,,300.0,300.0,,,
RoboPack-1,position_poll,position,24.0,,,,,300.0,300.0,,,
RoboPack-1,position_poll,position,25.0,,,,,300.0,300.0,,,
RoboPack-1,position_poll,position,26.0,,,,,300.0,300.0,,,
RoboPack-1,position_poll,position,27.0,,,,,300.0,300.0,,,
RoboPack-1,position_poll,position,28.0,,,,,300.0,300.0,,,
RoboPack-1,position_poll,position,29.0,,,,,300.0,300.0,,,
RoboPack-1,position_poll,position,30.0,,,,,300.0,300.0,,,
RoboPack-1,position_poll,position,31.0,,,,,300.0,300.0,,,
RoboPack-1,position_poll,position,32.0,,,,,300.0,300.0,,,
RoboPack-1,position_poll,position,33.0,,,,,300.0,300.0,,,
RoboPack-1,position_poll,position,34.0,,,,,300.0,300.0,,,
RoboPack-1,position_poll,position,35.0,,,,,300.0,300.0,,,
RoboPack-1,queue,packing,36.0,,,,,300.0,300.0,,,
RoboPack-1,position_poll,position,36.0,,,,,300.0,300.0,,,
RoboPack-1,position_poll,position,37.0,,,,,300.0,300.0,,,
RoboPack-1,position_poll,position,38.0,,,,,300.0,300.0,,,
RoboPack-1,position_poll,position,39.0,,,,,300.0,300.0,,,
RoboPack-1,position_poll,position,40.0,,,,,300.0,300.0,,,
RoboPack-1,position_poll,position,41.0,,,,,300.0,300.0,,,
RoboPack-1,position_poll,position,42.0,,,,,300.0,300.0,,,
RoboPack-1,position_poll,position,43.0,,,,,400.0,300.0,,,
RoboPack-1,position_poll,position,44.0,,,,,500.0,300.0,,,
RoboPack-1,position_poll,position,45.0,,,,,600.0,300.0,,,
RoboPack-1,position_poll,position,46.0,,,,,600.0,200.0,,,
RoboPack-1,position_poll,position,47.0,,,,,600.0,100.0,,,
RoboPack-1,action,picked_up_2_packages,47.0,,,,,600.0,100.0,pickup_8,,
RoboPack-1,position_poll,position,48.0,,,,,600.0,100.0,,,
RoboPack-1,position_poll,position,49.0,,,,,500.0,100.0,,,
RoboPack-1,position_poll,position,50.0,,,,,400.0,100.0,,,
RoboPack-1,position_poll,position,51.0,,,,,300.0,100.0,,,
RoboPack-1,position_poll,position,52.0,,,,,300.0,200.0,,,
RoboPack-1,queue,pickup_8,52.0,,,,,300.0,300.0,,2.0,
RoboPack-1,position_poll,position,53.0,,,,,300.0,300.0,,,
RoboPack-1,position_poll,position,54.0,,,,,300.0,300.0,,,
RoboPack-1,position_poll,position,55.0,,,,,300.0,300.0,,,
RoboPack-1,position_poll,position,56.0,,,,,300.0,300.0,,,
RoboPack-1,position_poll,position,57.0,,,,,300.0,300.0,,,
RoboPack-1,position_poll,position,58.0,,,,,300.0,300.0,,,
RoboPack-1,position_poll,position,59.0,,,,,300.0,300.0,,,
RoboPack-1,position_poll,position,60.0,,,,,300.0,300.0,,,
RoboPack-1,position_poll,position,61.0,,,,,300.0,300.0,,,
RoboPack-1,queue,packing,62.0,,,,,300.0,300.0,,,
RoboPack-1,position_poll,position,62.0,,,,,300.0,300.0,,,
RoboPack-1,position_poll,position,63.0,,,,,300.0,300.0,,,
RoboPack-1,position_poll,position,64.0,,,,,300.0,300.0,,,
RoboPack-1,position_poll,position,65.0,,,,,300.0,300.0,,,
RoboPack-1,position_poll,position,66.0,,,,,300.0,300.0,,,
RoboPack-1,position_poll,position,67.0,,,,,300.0,300.0,,,
RoboPack-1,position_poll,position,68.0,,,,,300.0,300.0,,,
RoboPack-1,position_poll,position,69.0,,,,,400.0,300.0,,,
RoboPack-1,position_poll,position,70.0,,,,,400.0,200.0,,,
RoboPack-1,position_poll,position,71.0,,,,,400.0,100.0,,,
RoboPack-1,action,picked_up_2_packages,71.0,,,,,400.0,100.0,pickup_7,,
RoboPack-1,position_poll,position,72.0,,,,,400.0,100.0,,,
RoboPack-1,position_poll,position,73.0,,,,,300.0,100.0,,,
RoboPack-1,position_poll,position,74.0,,,,,300.0,200.0,,,
RoboPack-1,queue,pickup_7,74.0,,,,,300.0,300.0,,2.0,
RoboPack-1,position_poll,position,75.0,,,,,300.0,300.0,,,
RoboPack-1,position_poll,position,76.0,,,,,300.0,300.0,,,
RoboPack-1,position_poll,position,77.0,,,,,300.0,300.0,,,
RoboPack-1,position_poll,position,78.0,,,,,300.0,300.0,,,
RoboPack-1,position_poll,position,79.0,,,,,300.0,300.0,,,
RoboPack-1,position_poll,position,80.0,,,,,300.0,300.0,,,
RoboPack-1,position_poll,position,81.0,,,,,300.0,300.0,,,
RoboPack-1,position_poll,position,82.0,,,,,300.0,300.0,,,
RoboPack-1,position_poll,position,83.0,,,,,300.0,300.0,,,
RoboPack-1,queue,packing,84.0,,,,,300.0,300.0,,,
RoboPack-1,position_poll,position,84.0,,,,,300.0,300.0,,,
RoboPack-1,position_poll,position,85.0,,,,,300.0,300.0,,,
RoboPack-1,position_poll,position,86.0,,,,,300.0,300.0,,,
RoboPack-1,position_poll,position,87.0,,,,,300.0,300.0,,,
RoboPack-1,position_poll,position,88.0,,,,,300.0,300.0,,,
RoboPack-1,position_poll,position,89.0,,,,,300.0,300.0,,,
RoboPack-1,position_poll,position,90.0,,,,,300.0,300.0,,,
RoboPack-1,position_poll,position,91.0,,,,,300.0,300.0,,,
RoboPack-1,position_poll,position,92.0,,,,,300.0,300.0,,,
RoboPack-1,position_poll,position,93.0,,,,,400.0,300.0,,,
RoboPack-1,position_poll,position,94.0,,,,,500.0,300.0,,,
RoboPack-1,position_poll,position,95.0,,,,,600.0,300.0,,,
RoboPack-1,position_poll,position,96.0,,,,,600.0,200.0,,,
RoboPack-1,position_poll,position,97.0,,,,,600.0,100.0,,,
RoboPack-1,action,picked_up_4_packages,97.0,,,,,600.0,100.0,pickup_8,,
RoboPack-1,position_poll,position,98.0,,,,,600.0,100.0,,,
RoboPack-1,position_poll,position,99.0,,,,,500.0,100.0,,,
RoboPack-1,position_poll,position,100.0,,,,,400.0,100.0,,,
RoboPack-1,position_poll,position,101.0,,,,,300.0,100.0,,,
RoboPack-1,position_poll,position,102.0,,,,,300.0,200.0,,,
RoboPack-1,queue,pickup_8,102.0,,,,,300.0,300.0,,4.0,
RoboPack-1,position_poll,position,103.0,,,,,300.0,300.0,,,
RoboPack-1,position_poll,position,104.0,,,,,300.0,300.0,,,
RoboPack-1,position_poll,position,105.0,,,,,300.0,300.0,,,
RoboPack-1,position_poll,position,106.0,,,,,300.0,300.0,,,
RoboPack-1,position_poll,position,107.0,,,,,300.0,300.0,,,
RoboPack-1,position_poll,position,108.0,,,,,300.0,300.0,,,
RoboPack-1,position_poll,position,109.0,,,,,300.0,300.0,,,
RoboPack-1,position_poll,position,110.0,,,,,300.0,300.0,,,
RoboPack-1,position_poll,position,111.0,,,,,300.0,300.0,,,
RoboPack-1,position_poll,position,112.0,,,,,300.0,300.0,,,
RoboPack-1,position_poll,position,113.0,,,,,300.0,300.0,,,
RoboPack-1,position_poll,position,114.0,,,,,300.0,300.0,,,
RoboPack-1,position_poll,position,115.0,,,,,300.0,300.0,,,
RoboPack-1,position_poll,position,116.0,,,,,300.0,300.0,,,
RoboPack-1,position_poll,position,117.0,,,,,300.0,300.0,,,
RoboPack-1,position_poll,position,118.0,,,,,300.0,300.0,,,
RoboPack-1,position_poll,position,119.0,,,,,300.0,300.0,,,
RoboPack-1,position_poll,position,120.0,,,,,300.0,300.0,,,
RoboPack-1,position_poll,position,121.0,,,,,300.0,300.0,,,
RoboPack-1,queue,packing,122.0,,,,,300.0,300.0,,,
RoboPack-1,position_poll,position,122.0,,,,,300.0,300.0,,,
RoboPack-1,position_poll,position,123.0,,,,,300.0,300.0,,,
RoboPack-1,position_poll,position,124.0,,,,,300.0,300.0,,,
RoboPack-1,position_poll,position,125.0,,,,,300.0,300.0,,,
RoboPack-1,position_poll,position,126.0,,,,,300.0,300.0,,,
RoboPack-1,position_poll,position,127.0,,,,,400.0,300.0,,,
RoboPack-1,position_poll,position,128.0,,,,,400.0,200.0,,,
RoboPack-1,position_poll,position,129.0,,,,,400.0,100.0,,,
RoboPack-1,action,picked_up_5_packages,129.0,,,,,400.0,100.0,pickup_7,,
RoboPack-1,position_poll,position,130.0,,,,,400.0,100.0,,,
RoboPack-1,position_poll,position,131.0,,,,,300.0,100.0,,,
RoboPack-1,position_poll,position,132.0,,,,,300.0,200.0,,,
RoboPack-1,queue,pickup_7,132.0,,,,,300.0,300.0,,5.0,
RoboPack-1,position_poll,position,133.0,,,,,300.0,300.0,,,
RoboPack-1,position_poll,position,134.0,,,,,300.0,300.0,,,
RoboPack-1,position_poll,position,135.0,,,,,300.0,300.0,,,
RoboPack-1,position_poll,position,136.0,,,,,300.0,300.0,,,
RoboPack-1,position_poll,position,137.0,,,,,300.0,300.0,,,
RoboPack-1,position_poll,position,138.0,,,,,300.0,300.0,,,
RoboPack-1,position_poll,position,139.0,,,,,300.0,300.0,,,
RoboPack-1,position_poll,position,140.0,,,,,300.0,300.0,,,
RoboPack-1,position_poll,position,141.0,,,,,300.0,300.0,,,
RoboPack-1,position_poll,position,142.0,,,,,300.0,300.0,,,
RoboPack-1,position_poll,position,143.0,,,,,300.0,300.0,,,
RoboPack-1,position_poll,position,144.0,,,,,300.0,300.0,,,
RoboPack-1,position_poll,position,145.0,,,,,300.0,300.0,,,
RoboPack-1,position_poll,position,146.0,,,,,300.0,300.0,,,
RoboPack-1,position_poll,position,147.0,,,,,300.0,300.0,,,
RoboPack-1,position_poll,position,148.0,,,,,300.0,300.0,,,
RoboPack-1,position_poll,position,149.0,,,,,300.0,300.0,,,
RoboPack-1,position_poll,position,150.0,,,,,300.0,300.0,,,
RoboPack-1,position_poll,position,151.0,,,,,300.0,300.0,,,
RoboPack-1,position_poll,position,152.0,,,,,300.0,300.0,,,
RoboPack-1,position_poll,position,153.0,,,,,300.0,300.0,,,
RoboPack-1,position_poll,position,154.0,,,,,300.0,300.0,,,
RoboPack-1,position_poll,position,155.0,,,,,300.0,300.0,,,
RoboPack-1,position_poll,position,156.0,,,,,300.0,300.0,,,
RoboPack-1,queue,packing,157.0,,,,,300.0,300.0,,,
RoboPack-1,position_poll,position,157.0,,,,,300.0,300.0,,,
RoboPack-1,position_poll,position,158.0,,,,,300.0,300.0,,,
RoboPack-1,position_poll,position,159.0,,,,,300.0,300.0,,,
RoboPack-1,position_poll,position,160.0,,,,,300.0,300.0,,,
RoboPack-1,position_poll,position,161.0,,,,,300.0,300.0,,,
RoboPack-1,position_poll,position,162.0,,,,,400.0,300.0,,,
RoboPack-1,position_poll,position,163.0,,,,,400.0,400.0,,,
RoboPack-1,position_poll,position,164.0,,,,,400.0,500.0,,,
RoboPack-1,action,picked_up_4_packages,164.0,,,,,400.0,500.0,pickup_3,,
RoboPack-1,position_poll,position,165.0,,,,,400.0,500.0,,,
RoboPack-1,position_poll,position,166.0,,,,,300.0,500.0,,,
RoboPack-1,position_poll,position,167.0,,,,,300.0,400.0,,,
RoboPack-1,queue,pickup_3,167.0,,,,,300.0,300.0,,4.0,
RoboPack-1,position_poll,position,168.0,,,,,300.0,300.0,,,
RoboPack-1,position_poll,position,169.0,,,,,300.0,300.0,,,
RoboPack-1,position_poll,position,170.0,,,,,300.0,300.0,,,
RoboPack-1,position_poll,position,171.0,,,,,300.0,300.0,,,
RoboPack-1,position_poll,position,172.0,,,,,300.0,300.0,,,
RoboPack-1,position_poll,position,173.0,,,,,300.0,300.0,,,
RoboPack-1,position_poll,position,174.0,,,,,300.0,300.0,,,
RoboPack-1,position_poll,position,175.0,,,,,300.0,300.0,,,
RoboPack-1,position_poll,position,176.0,,,,,300.0,300.0,,,
RoboPack-1,position_poll,position,177.0,,,,,300.0,300.0,,,
RoboPack-1,position_poll,position,178.0,,,,,300.0,300.0,,,
RoboPack-1,position_poll,position,179.0,,,,,300.0,300.0,,,
RoboPack-1,position_poll,position,180.0,,,,,300.0,300.0,,,
RoboPack-1,position_poll,position,181.0,,,,,300.0,300.0,,,
RoboPack-1,position_poll,position,182.0,,,,,300.0,300.0,,,
RoboPack-1,position_poll,position,183.0,,,,,300.0,300.0,,,
RoboPack-1,position_poll,position,184.0,,,,,300.0,300.0,,,
RoboPack-1,position_poll,position,185.0,,,,,300.0,300.0,,,
RoboPack-1,position_poll,position,186.0,,,,,300.0,300.0,,,
RoboPack-1,position_poll,position,187.0,,,,,300.0,300.0,,,
RoboPack-1,position_poll,position,188.0,,,,,400.0,300.0,,,
RoboPack-1,position_poll,position,189.0,,,,,500.0,300.0,,,
RoboPack-1,position_poll,position,190.0,,,,,600.0,300.0,,,
RoboPack-1,queue,maintenance,190.0,,,,,600.0,300.0,,,3.0
RoboPack-1,position_poll,position,191.0,,,,,600.0,300.0,,,
RoboPack-1,position_poll,position,192.0,,,,,600.0,300.0,,,
RoboPack-1,position_poll,position,193.0,,,,,600.0,300.0,,,
RoboPack-1,position_poll,position,194.0,,,,,500.0,300.0,,,
RoboPack-1,position_poll,position,195.0,,,,,400.0,300.0,,,
RoboPack-1,position_poll,position,196.0,,,,,300.0,300.0,,,
RoboPack-1,queue,packing,196.0,,,,,300.0,300.0,,,
RoboPack-1,position_poll,position,197.0,,,,,300.0,300.0,,,
RoboPack-1,position_poll,position,198.0,,,,,300.0,300.0,,,
RoboPack-1,position_poll,position,199.0,,,,,300.0,300.0,,,
RoboPack-1,position_poll,position,200.0,,,,,300.0,300.0,,,
RoboPack-1,position_poll,position,201.0,,,,,300.0,300.0,,,
RoboPack-1,position_poll,position,202.0,,,,,300.0,300.0,,,
RoboPack-1,position_poll,position,203.0,,,,,300.0,300.0,,,
RoboPack-1,position_poll,position,204.0,,,,,300.0,300.0,,,
RoboPack-1,position_poll,position,205.0,,,,,200.0,300.0,,,
RoboPack-1,position_poll,position,206.0,,,,,100.0,300.0,,,
RoboPack-1,position_poll,position,207.0,,,,,0.0,300.0,,,
RoboPack-1,position_poll,position,208.0,,,,,0.0,200.0,,,
RoboPack-1,position_poll,position,209.0,,,,,0.0,100.0,,,
RoboPack-1,action,picked_up_2_packages,209.0,,,,,0.0,100.0,pickup_5,,
RoboPack-1,position_poll,position,210.0,,,,,0.0,100.0,,,
RoboPack-1,position_poll,position,211.0,,,,,100.0,100.0,,,
RoboPack-1,position_poll,position,212.0,,,,,200.0,100.0,,,
RoboPack-1,position_poll,position,213.0,,,,,300.0,100.0,,,
RoboPack-1,position_poll,position,214.0,,,,,300.0,200.0,,,
RoboPack-1,queue,pickup_5,214.0,,,,,300.0,300.0,,2.0,
RoboPack-1,position_poll,position,215.0,,,,,300.0,300.0,,,
RoboPack-1,position_poll,position,216.0,,,,,300.0,300.0,,,
RoboPack-1,position_poll,position,217.0,,,,,300.0,300.0,,,
RoboPack-1,position_poll,position,218.0,,,,,300.0,300.0,,,
RoboPack-1,position_poll,position,219.0,,,,,300.0,300.0,,,
RoboPack-1,position_poll,position,220.0,,,,,300.0,300.0,,,
RoboPack-1,position_poll,position,221.0,,,,,300.0,300.0,,,
RoboPack-1,position_poll,position,222.0,,,,,300.0,300.0,,,
RoboPack-1,position_poll,position,223.0,,,,,300.0,300.0,,,
RoboPack-1,position_poll,position,224.0,,,,,300.0,300.0,,,
RoboPack-1,position_poll,position,225.0,,,,,400.0,300.0,,,
RoboPack-1,position_poll,position,226.0,,,,,500.0,300.0,,,
RoboPack-1,position_poll,position,227.0,,,,,600.0,300.0,,,
RoboPack-1,queue,maintenance,227.0,,,,,600.0,300.0,,,2.0
RoboPack-1,position_poll,position,228.0,,,,,600.0,300.0,,,
RoboPack-1,position_poll,position,229.0,,,,,600.0,300.0,,,
RoboPack-1,position_poll,position,230.0,,,,,500.0,300.0,,,
RoboPack-1,position_poll,position,231.0,,,,,400.0,300.0,,,
RoboPack-1,position_poll,position,232.0,,,,,300.0,300.0,,,
RoboPack-1,queue,packing,232.0,,,,,300.0,300.0,,,
RoboPack-1,position_poll,position,233.0,,,,,300.0,300.0,,,
RoboPack-1,position_poll,position,234.0,,,,,300.0,300.0,,,
RoboPack-1,position_poll,position,235.0,,,,,300.0,300.0,,,
RoboPack-1,position_poll,position,236.0,,,,,300.0,300.0,,,
RoboPack-1,position_poll,position,237.0,,,,,300.0,300.0,,,
RoboPack-1,position_poll,position,238.0,,,,,200.0,300.0,,,
RoboPack-1,position_poll,position,239.0,,,,,100.0,300.0,,,
RoboPack-1,position_poll,position,240.0,,,,,0.0,300.0,,,
RoboPack-1,position_poll,position,241.0,,,,,0.0,400.0,,,
RoboPack-1,position_poll,position,242.0,,,,,0.0,500.0,,,
RoboPack-1,action,picked_up_2_packages,242.0,,,,,0.0,500.0,pickup_1,,
RoboPack-1,position_poll,position,243.0,,,,,0.0,500.0,,,
RoboPack-1,position_poll,position,244.0,,,,,100.0,500.0,,,
RoboPack-1,position_poll,position,245.0,,,,,200.0,500.0,,,
RoboPack-1,position_poll,position,246.0,,,,,300.0,500.0,,,
RoboPack-1,position_poll,position,247.0,,,,,300.0,400.0,,,
RoboPack-1,queue,pickup_1,247.0,,,,,300.0,300.0,,2.0,
RoboPack-1,position_poll,position,248.0,,,,,300.0,300.0,,,
RoboPack-1,position_poll,position,249.0,,,,,300.0,300.0,,,
RoboPack-1,position_poll,position,250.0,,,,,300.0,300.0,,,
RoboPack-1,position_poll,position,251.0,,,,,300.0,300.0,,,
RoboPack-1,position_poll,position,252.0,,,,,300.0,300.0,,,
RoboPack-1,position_poll,position,253.0,,,,,300.0,300.0,,,
RoboPack-1,position_poll,position,254.0,,,,,300.0,300.0,,,
RoboPack-1,position_poll,position,255.0,,,,,300.0,300.0,,,
RoboPack-1,position_poll,position,256.0,,,,,300.0,300.0,,,
RoboPack-1,position_poll,position,257.0,,,,,300.0,300.0,,,
RoboPack-1,position_poll,position,258.0,,,,,400.0,300.0,,,
RoboPack-1,position_poll,position,259.0,,,,,500.0,300.0,,,
RoboPack-1,position_poll,position,260.0,,,,,600.0,300.0,,,
RoboPack-1,queue,maintenance,260.0,,,,,600.0,300.0,,,3.0
RoboPack-1,position_poll,position,261.0,,,,,600.0,300.0,,,
RoboPack-1,position_poll,position,262.0,,,,,600.0,300.0,,,
RoboPack-1,position_poll,position,263.0,,,,,600.0,300.0,,,
RoboPack-1,position_poll,position,264.0,,,,,500.0,300.0,,,
RoboPack-1,position_poll,position,265.0,,,,,400.0,300.0,,,
RoboPack-1,position_poll,position,266.0,,,,,300.0,300.0,,,
RoboPack-1,queue,packing,266.0,,,,,300.0,300.0,,,
RoboPack-1,position_poll,position,267.0,,,,,300.0,300.0,,,
RoboPack-1,position_poll,position,268.0,,,,,300.0,300.0,,,
RoboPack-1,position_poll,position,269.0,,,,,300.0,300.0,,,
RoboPack-1,position_poll,position,270.0,,,,,300.0,300.0,,,
RoboPack-1,position_poll,position,271.0,,,,,300.0,300.0,,,
RoboPack-1,position_poll,position,272.0,,,,,300.0,300.0,,,
RoboPack-1,position_poll,position,273.0,,,,,300.0,300.0,,,
RoboPack-1,position_poll,position,274.0,,,,,400.0,300.0,,,
RoboPack-1,position_poll,position,275.0,,,,,500.0,300.0,,,
RoboPack-1,position_poll,position,276.0,,,,,600.0,300.0,,,
RoboPack-1,position_poll,position,277.0,,,,,600.0,400.0,,,
RoboPack-1,position_poll,position,278.0,,,,,600.0,500.0,,,
RoboPack-1,action,picked_up_4_packages,278.0,,,,,600.0,500.0,pickup_4,,
RoboPack-1,position_poll,position,279.0,,,,,600.0,500.0,,,
RoboPack-1,position_poll,position,280.0,,,,,500.0,500.0,,,
RoboPack-1,position_poll,position,281.0,,,,,400.0,500.0,,,
RoboPack-1,position_poll,position,282.0,,,,,300.0,500.0,,,
RoboPack-1,position_poll,position,283.0,,,,,300.0,400.0,,,
RoboPack-1,queue,pickup_4,283.0,,,,,300.0,300.0,,4.0,
RoboPack-1,position_poll,position,284.0,,,,,300.0,300.0,,,
RoboPack-1,position_poll,position,285.0,,,,,300.0,300.0,,,
RoboPack-1,position_poll,position,286.0,,,,,300.0,300.0,,,
RoboPack-1,position_poll,position,287.0,,,,,300.0,300.0,,,
RoboPack-1,position_poll,position,288.0,,,,,300.0,300.0,,,
RoboPack-1,position_poll,position,289.0,,,,,300.0,300.0,,,
RoboPack-1,position_poll,position,290.0,,,,,300.0,300.0,,,
RoboPack-1,position_poll,position,291.0,,,,,300.0,300.0,,,
RoboPack-1,position_poll,position,292.0,,,,,300.0,300.0,,,
RoboPack-1,position_poll,position,293.0,,,,,300.0,300.0,,,
RoboPack-1,position_poll,position,294.0,,,,,300.0,300.0,,,
RoboPack-1,position_poll,position,295.0,,,,,300.0,300.0,,,
RoboPack-1,position_poll,position,296.0,,,,,300.0,300.0,,,
RoboPack-1,position_poll,position,297.0,,,,,300.0,300.0,,,
RoboPack-1,position_poll,position,298.0,,,,,300.0,300.0,,,
RoboPack-1,position_poll,position,299.0,,,,,300.0,300.0,,,
RoboPack-1,position_poll,position,300.0,,,,,300.0,300.0,,,
RoboPack-1,position_poll,position,301.0,,,,,300.0,300.0,,,
RoboPack-1,position_poll,position,302.0,,,,,300.0,300.0,,,
RoboPack-1,queue,packing,303.0,,,,,300.0,300.0,,,
RoboPack-1,position_poll,position,303.0,,,,,300.0,300.0,,,
RoboPack-1,position_poll,position,304.0,,,,,300.0,300.0,,,
RoboPack-1,position_poll,position,305.0,,,,,300.0,300.0,,,
RoboPack-1,position_poll,position,306.0,,,,,300.0,300.0,,,
RoboPack-1,position_poll,position,307.0,,,,,300.0,300.0,,,
RoboPack-1,position_poll,position,308.0,,,,,300.0,300.0,,,
RoboPack-1,position_poll,position,309.0,,,,,400.0,300.0,,,
RoboPack-1,position_poll,position,310.0,,,,,400.0,400.0,,,
RoboPack-1,position_poll,position,311.0,,,,,400.0,500.0,,,
RoboPack-1,action,picked_up_1_packages,311.0,,,,,400.0,500.0,pickup_3,,
RoboPack-1,position_poll,position,312.0,,,,,400.0,500.0,,,
RoboPack-1,position_poll,position,313.0,,,,,300.0,500.0,,,
RoboPack-1,position_poll,position,314.0,,,,,300.0,400.0,,,
RoboPack-1,queue,pickup_3,314.0,,,,,300.0,300.0,,1.0,
RoboPack-1,position_poll,position,315.0,,,,,300.0,300.0,,,
RoboPack-1,position_poll,position,316.0,,,,,300.0,300.0,,,
RoboPack-1,position_poll,position,317.0,,,,,300.0,300.0,,,
RoboPack-1,position_poll,position,318.0,,,,,300.0,300.0,,,
RoboPack-1,queue,packing,319.0,,,,,300.0,300.0,,,
RoboPack-1,position_poll,position,319.0,,,,,300.0,300.0,,,
RoboPack-1,position_poll,position,320.0,,,,,300.0,300.0,,,
RoboPack-1,position_poll,position,321.0,,,,,300.0,300.0,,,
RoboPack-1,position_poll,position,322.0,,,,,300.0,300.0,,,
RoboPack-1,position_poll,position,323.0,,,,,300.0,300.0,,,
RoboPack-1,position_poll,position,324.0,,,,,300.0,300.0,,,
RoboPack-1,position_poll,position,325.0,,,,,200.0,300.0,,,
RoboPack-1,position_poll,position,326.0,,,,,100.0,300.0,,,
RoboPack-1,position_poll,position,327.0,,,,,0.0,300.0,,,
RoboPack-1,position_poll,position,328.0,,,,,0.0,200.0,,,
RoboPack-1,position_poll,position,329.0,,,,,0.0,100.0,,,
RoboPack-1,action,picked_up_5_packages,329.0,,,,,0.0,100.0,pickup_5,,
RoboPack-1,position_poll,position,330.0,,,,,0.0,100.0,,,
RoboPack-1,position_poll,position,331.0,,,,,100.0,100.0,,,
RoboPack-1,position_poll,position,332.0,,,,,200.0,100.0,,,
RoboPack-1,position_poll,position,333.0,,,,,300.0,100.0,,,
RoboPack-1,position_poll,position,334.0,,,,,300.0,200.0,,,
RoboPack-1,queue,pickup_5,334.0,,,,,300.0,300.0,,5.0,
RoboPack-1,position_poll,position,335.0,,,,,300.0,300.0,,,
RoboPack-1,position_poll,position,336.0,,,,,300.0,300.0,,,
RoboPack-1,position_poll,position,337.0,,,,,300.0,300.0,,,
RoboPack-1,position_poll,position,338.0,,,,,300.0,300.0,,,
RoboPack-1,position_poll,position,339.0,,,,,300.0,300.0,,,
RoboPack-1,position_poll,position,340.0,,,,,300.0,300.0,,,
RoboPack-1,position_poll,position,341.0,,,,,300.0,300.0,,,
RoboPack-1,position_poll,position,342.0,,,,,300.0,300.0,,,
RoboPack-1,position_poll,position,343.0,,,,,300.0,300.0,,,
RoboPack-1,position_poll,position,344.0,,,,,300.0,300.0,,,
RoboPack-1,position_poll,position,345.0,,,,,300.0,300.0,,,
RoboPack-1,position_poll,position,346.0,,,,,300.0,300.0,,,
RoboPack-1,position_poll,position,347.0,,,,,300.0,300.0,,,
RoboPack-1,position_poll,position,348.0,,,,,300.0,300.0,,,
RoboPack-1,position_poll,position,349.0,,,,,300.0,300.0,,,
RoboPack-1,position_poll,position,350.0,,,,,300.0,300.0,,,
RoboPack-1,position_poll,position,351.0,,,,,300.0,300.0,,,
RoboPack-1,position_poll,position,352.0,,,,,300.0,300.0,,,
RoboPack-1,position_poll,position,353.0,,,,,300.0,300.0,,,
RoboPack-1,position_poll,position,354.0,,,,,300.0,300.0,,,
RoboPack-1,position_poll,position,355.0,,,,,300.0,300.0,,,
RoboPack-1,position_poll,position,356.0,,,,,300.0,300.0,,,
RoboPack-1,position_poll,position,357.0,,,,,300.0,300.0,,,
RoboPack-1,position_poll,position,358.0,,,,,300.0,300.0,,,
RoboPack-1,queue,packing,359.0,,,,,300.0,300.0,,,
RoboPack-1,position_poll,position,359.0,,,,,300.0,300.0,,,
RoboPack-1,position_poll,position,360.0,,,,,300.0,300.0,,,
RoboPack-1,position_poll,position,361.0,,,,,300.0,300.0,,,
RoboPack-1,position_poll,position,362.0,,,,,300.0,300.0,,,
RoboPack-1,position_poll,position,363.0,,,,,300.0,300.0,,,
RoboPack-1,position_poll,position,364.0,,,,,300.0,300.0,,,
RoboPack-1,position_poll,position,365.0,,,,,300.0,300.0,,,
RoboPack-1,position_poll,position,366.0,,,,,300.0,300.0,,,
RoboPack-1,position_poll,position,367.0,,,,,300.0,300.0,,,
RoboPack-1,position_poll,position,368.0,,,,,200.0,300.0,,,
RoboPack-1,position_poll,position,369.0,,,,,200.0,400.0,,,
RoboPack-1,position_poll,position,370.0,,,,,200.0,500.0,,,
RoboPack-1,action,picked_up_1_packages,370.0,,,,,200.0,500.0,pickup_2,,
RoboPack-1,position_poll,position,371.0,,,,,200.0,500.0,,,
RoboPack-1,position_poll,position,372.0,,,,,300.0,500.0,,,
RoboPack-1,position_poll,position,373.0,,,,,300.0,400.0,,,
RoboPack-1,queue,pickup_2,373.0,,,,,300.0,300.0,,1.0,
RoboPack-1,position_poll,position,374.0,,,,,300.0,300.0,,,
RoboPack-1,position_poll,position,375.0,,,,,300.0,300.0,,,
RoboPack-1,position_poll,position,376.0,,,,,300.0,300.0,,,
RoboPack-1,position_poll,position,377.0,,,,,300.0,300.0,,,
RoboPack-1,queue,packing,378.0,,,,,300.0,300.0,,,
RoboPack-1,position_poll,position,378.0,,,,,300.0,300.0,,,
RoboPack-1,position_poll,position,379.0,,,,,300.0,300.0,,,
RoboPack-1,position_poll,position,380.0,,,,,300.0,300.0,,,
RoboPack-1,position_poll,position,381.0,,,,,300.0,300.0,,,
RoboPack-1,position_poll,position,382.0,,,,,300.0,300.0,,,
RoboPack-1,position_poll,position,383.0,,,,,300.0,300.0,,,
RoboPack-1,position_poll,position,384.0,,,,,300.0,300.0,,,
RoboPack-1,position_poll,position,385.0,,,,,300.0,300.0,,,
RoboPack-1,position_poll,position,386.0,,,,,200.0,300.0,,,
RoboPack-1,position_poll,position,387.0,,,,,100.0,300.0,,,
RoboPack-1,position_poll,position,388.0,,,,,0.0,300.0,,,
RoboPack-1,position_poll,position,389.0,,,,,0.0,400.0,,,
RoboPack-1,position_poll,position,390.0,,,,,0.0,500.0,,,
RoboPack-1,action,picked_up_4_packages,390.0,,,,,0.0,500.0,pickup_1,,
RoboPack-1,position_poll,position,391.0,,,,,0.0,500.0,,,
RoboPack-1,position_poll,position,392.0,,,,,100.0,500.0,,,
RoboPack-1,position_poll,position,393.0,,,,,200.0,500.0,,,
RoboPack-1,position_poll,position,394.0,,,,,300.0,500.0,,,
RoboPack-1,position_poll,position,395.0,,,,,300.0,400.0,,,
RoboPack-1,queue,pickup_1,395.0,,,,,300.0,300.0,,4.0,
RoboPack-1,position_poll,position,396.0,,,,,300.0,300.0,,,
RoboPack-1,position_poll,position,397.0,,,,,300.0,300.0,,,
RoboPack-1,position_poll,position,398.0,,,,,300.0,300.0,,,
RoboPack-1,position_poll,position,399.0,,,,,300.0,300.0,,,
RoboPack-1,position_poll,position,400.0,,,,,300.0,300.0,,,
RoboPack-1,position_poll,position,401.0,,,,,300.0,300.0,,,
RoboPack-1,position_poll,position,402.0,,,,,300.0,300.0,,,
RoboPack-1,position_poll,position,403.0,,,,,300.0,300.0,,,
RoboPack-1,position_poll,position,404.0,,,,,300.0,300.0,,,
RoboPack-1,position_poll,position,405.0,,,,,300.0,300.0,,,
RoboPack-1,position_poll,position,406.0,,,,,300.0,300.0,,,
RoboPack-1,position_poll,position,407.0,,,,,300.0,300.0,,,
RoboPack-1,position_poll,position,408.0,,,,,300.0,300.0,,,
RoboPack-1,position_poll,position,409.0,,,,,300.0,300.0,,,
RoboPack-1,position_poll,position,410.0,,,,,300.0,300.0,,,
RoboPack-1,position_poll,position,411.0,,,,,300.0,300.0,,,
RoboPack-1,position_poll,position,412.0,,,,,300.0,300.0,,,
RoboPack-1,position_poll,position,413.0,,,,,300.0,300.0,,,
RoboPack-1,position_poll,position,414.0,,,,,300.0,300.0,,,
RoboPack-1,queue,packing,415.0,,,,,300.0,300.0,,,
RoboPack-1,position_poll,position,415.0,,,,,300.0,300.0,,,
RoboPack-1,position_poll,position,416.0,,,,,300.0,300.0,,,
RoboPack-1,position_poll,position,417.0,,,,,300.0,300.0,,,
RoboPack-1,position_poll,position,418.0,,,,,300.0,300.0,,,
RoboPack-1,position_poll,position,419.0,,,,,300.0,300.0,,,
RoboPack-1,position_poll,position,420.0,,,,,300.0,300.0,,,
RoboPack-1,position_poll,position,421.0,,,,,200.0,300.0,,,
RoboPack-1,position_poll,position,422.0,,,,,200.0,400.0,,,
RoboPack-1,position_poll,position,423.0,,,,,200.0,500.0,,,
RoboPack-1,action,picked_up_2_packages,423.0,,,,,200.0,500.0,pickup_2,,
RoboPack-1,position_poll,position,424.0,,,,,200.0,500.0,,,
RoboPack-1,position_poll,position,425.0,,,,,300.0,500.0,,,
RoboPack-1,position_poll,position,426.0,,,,,300.0,400.0,,,
RoboPack-1,queue,pickup_2,426.0,,,,,300.0,300.0,,2.0,
RoboPack-1,position_poll,position,427.0,,,,,300.0,300.0,,,
RoboPack-1,position_poll,position,428.0,,,,,300.0,300.0,,,
RoboPack-1,position_poll,position,429.0,,,,,300.0,300.0,,,
RoboPack-1,position_poll,position,430.0,,,,,300.0,300.0,,,
RoboPack-1,position_poll,position,431.0,,,,,300.0,300.0,,,
RoboPack-1,position_poll,position,432.0,,,,,300.0,300.0,,,
RoboPack-1,position_poll,position,433.0,,,,,300.0,300.0,,,
RoboPack-1,position_poll,position,434.0,,,,,300.0,300.0,,,
RoboPack-1,position_poll,position,435.0,,,,,300.0,300.0,,,
RoboPack-1,queue,packing,436.0,,,,,300.0,300.0,,,
RoboPack-1,position_poll,position,436.0,,,,,300.0,300.0,,,
RoboPack-1,position_poll,position,437.0,,,,,300.0,300.0,,,
RoboPack-1,position_poll,position,438.0,,,,,300.0,300.0,,,
RoboPack-1,position_poll,position,439.0,,,,,300.0,300.0,,,
RoboPack-1,position_poll,position,440.0,,,,,300.0,300.0,,,
RoboPack-1,position_poll,position,441.0,,,,,300.0,300.0,,,
RoboPack-1,position_poll,position,442.0,,,,,300.0,300.0,,,
RoboPack-1,position_poll,position,443.0,,,,,300.0,300.0,,,
RoboPack-1,position_poll,position,444.0,,,,,400.0,300.0,,,
RoboPack-1,position_poll,position,445.0,,,,,400.0,400.0,,,
RoboPack-1,position_poll,position,446.0,,,,,400.0,500.0,,,
RoboPack-1,action,picked_up_3_packages,446.0,,,,,400.0,500.0,pickup_3,,
RoboPack-1,position_poll,position,447.0,,,,,400.0,500.0,,,
RoboPack-1,position_poll,position,448.0,,,,,300.0,500.0,,,
RoboPack-1,position_poll,position,449.0,,,,,300.0,400.0,,,
RoboPack-1,queue,pickup_3,449.0,,,,,300.0,300.0,,3.0,
RoboPack-1,position_poll,position,450.0,,,,,300.0,300.0,,,
RoboPack-1,position_poll,position,451.0,,,,,300.0,300.0,,,
RoboPack-1,position_poll,position,452.0,,,,,300.0,300.0,,,
RoboPack-1,position_poll,position,453.0,,,,,300.0,300.0,,,
RoboPack-1,position_poll,position,454.0,,,,,300.0,300.0,,,
RoboPack-1,position_poll,position,455.0,,,,,300.0,300.0,,,
RoboPack-1,position_poll,position,456.0,,,,,300.0,300.0,,,
RoboPack-1,position_poll,position,457.0,,,,,300.0,300.0,,,
RoboPack-1,position_poll,position,458.0,,,,,300.0,300.0,,,
RoboPack-1,position_poll,position,459.0,,,,,300.0,300.0,,,
RoboPack-1,position_poll,position,460.0,,,,,300.0,300.0,,,
RoboPack-1,position_poll,position,461.0,,,,,300.0,300.0,,,
RoboPack-1,position_poll,position,462.0,,,,,300.0,300.0,,,
RoboPack-1,position_poll,position,463.0,,,,,300.0,300.0,,,
RoboPack-1,queue,packing,464.0,,,,,300.0,300.0,,,
RoboPack-1,position_poll,position,464.0,,,,,300.0,300.0,,,
RoboPack-1,position_poll,position,465.0,,,,,300.0,300.0,,,
RoboPack-1,position_poll,position,466.0,,,,,300.0,300.0,,,
RoboPack-1,position_poll,position,467.0,,,,,300.0,300.0,,,
RoboPack-1,position_poll,position,468.0,,,,,300.0,300.0,,,
RoboPack-1,position_poll,position,469.0,,,,,300.0,300.0,,,
RoboPack-1,position_poll,position,470.0,,,,,300.0,300.0,,,
RoboPack-1,position_poll,position,471.0,,,,,300.0,300.0,,,
RoboPack-1,position_poll,position,472.0,,,,,300.0,300.0,,,
RoboPack-1,position_poll,position,473.0,,,,,200.0,300.0,,,
RoboPack-1,position_poll,position,474.0,,,,,100.0,300.0,,,
RoboPack-1,position_poll,position,475.0,,,,,0.0,300.0,,,
RoboPack-1,position_poll,position,476.0,,,,,0.0,400.0,,,
RoboPack-1,position_poll,position,477.0,,,,,0.0,500.0,,,
RoboPack-1,action,picked_up_1_packages,477.0,,,,,0.0,500.0,pickup_1,,
RoboPack-1,position_poll,position,478.0,,,,,0.0,500.0,,,
RoboPack-1,position_poll,position,479.0,,,,,100.0,500.0,,,
RoboPack-1,position_poll,position,480.0,,,,,200.0,500.0,,,
RoboPack-1,position_poll,position,481.0,,,,,300.0,500.0,,,
RoboPack-1,position_poll,position,482.0,,,,,300.0,400.0,,,
RoboPack-1,queue,pickup_1,482.0,,,,,300.0,300.0,,1.0,
RoboPack-1,position_poll,position,483.0,,,,,300.0,300.0,,,
RoboPack-1,position_poll,position,484.0,,,,,300.0,300.0,,,
RoboPack-1,position_poll,position,485.0,,,,,300.0,300.0,,,
RoboPack-1,position_poll,position,486.0,,,,,300.0,300.0,,,
RoboPack-1,position_poll,position,487.0,,,,,300.0,300.0,,,
RoboPack-1,position_poll,position,488.0,,,,,400.0,300.0,,,
RoboPack-1,position_poll,position,489.0,,,,,500.0,300.0,,,
RoboPack-1,position_poll,position,490.0,,,,,600.0,300.0,,,
RoboPack-1,queue,maintenance,490.0,,,,,600.0,300.0,,,2.0
RoboPack-1,position_poll,position,491.0,,,,,600.0,300.0,,,
RoboPack-1,position_poll,position,492.0,,,,,600.0,300.0,,,
RoboPack-1,position_poll,position,493.0,,,,,500.0,300.0,,,
RoboPack-1,position_poll,position,494.0,,,,,400.0,300.0,,,
RoboPack-1,position_poll,position,495.0,,,,,300.0,300.0,,,
RoboPack-1,queue,packing,495.0,,,,,300.0,300.0,,,
RoboPack-1,position_poll,position,496.0,,,,,300.0,300.0,,,
RoboPack-1,position_poll,position,497.0,,,,,300.0,300.0,,,
RoboPack-1,position_poll,position,498.0,,,,,300.0,300.0,,,
RoboPack-1,position_poll,position,499.0,,,,,300.0,300.0,,,
RoboPack-1,position_poll,position,500.0,,,,,300.0,300.0,,,
RoboPack-1,position_poll,position,501.0,,,,,300.0,300.0,,,
RoboPack-1,position_poll,position,502.0,,,,,300.0,300.0,,,
RoboPack-1,position_poll,position,503.0,,,,,300.0,300.0,,,
RoboPack-1,position_poll,position,504.0,,,,,400.0,300.0,,,
RoboPack-1,position_poll,position,505.0,,,,,500.0,300.0,,,
RoboPack-1,position_poll,position,506.0,,,,,600.0,300.0,,,
RoboPack-1,position_poll,position,507.0,,,,,600.0,400.0,,,
RoboPack-1,position_poll,position,508.0,,,,,600.0,500.0,,,
RoboPack-1,action,picked_up_4_packages,508.0,,,,,600.0,500.0,pickup_4,,
RoboPack-1,position_poll,position,509.0,,,,,600.0,500.0,,,
RoboPack-1,position_poll,position,510.0,,,,,500.0,500.0,,,
RoboPack-1,position_poll,position,511.0,,,,,400.0,500.0,,,
RoboPack-1,position_poll,position,512.0,,,,,300.0,500.0,,,
RoboPack-1,position_poll,position,513.0,,,,,300.0,400.0,,,
RoboPack-1,queue,pickup_4,513.0,,,,,300.0,300.0,,4.0,
RoboPack-1,position_poll,position,514.0,,,,,300.0,300.0,,,
RoboPack-1,position_poll,position,515.0,,,,,300.0,300.0,,,
RoboPack-1,position_poll,position,516.0,,,,,300.0,300.0,,,
RoboPack-1,position_poll,position,517.0,,,,,300.0,300.0,,,
RoboPack-1,position_poll,position,518.0,,,,,300.0,300.0,,,
RoboPack-1,position_poll,position,519.0,,,,,300.0,300.0,,,
RoboPack-1,position_poll,position,520.0,,,,,300.0,300.0,,,
RoboPack-1,position_poll,position,521.0,,,,,300.0,300.0,,,
RoboPack-1,position_poll,position,522.0,,,,,300.0,300.0,,,
RoboPack-1,position_poll,position,523.0,,,,,300.0,300.0,,,
RoboPack-1,position_poll,position,524.0,,,,,300.0,300.0,,,
RoboPack-1,position_poll,position,525.0,,,,,300.0,300.0,,,
RoboPack-1,position_poll,position,526.0,,,,,300.0,300.0,,,
RoboPack-1,position_poll,position,527.0,,,,,300.0,300.0,,,
RoboPack-1,position_poll,position,528.0,,,,,300.0,300.0,,,
RoboPack-1,position_poll,position,529.0,,,,,300.0,300.0,,,
RoboPack-1,position_poll,position,530.0,,,,,300.0,300.0,,,
RoboPack-1,position_poll,position,531.0,,,,,300.0,300.0,,,
RoboPack-1,position_poll,position,532.0,,,,,300.0,300.0,,,
RoboPack-1,queue,packing,533.0,,,,,300.0,300.0,,,
RoboPack-1,position_poll,position,533.0,,,,,300.0,300.0,,,
RoboPack-1,position_poll,position,534.0,,,,,300.0,300.0,,,
RoboPack-1,position_poll,position,535.0,,,,,300.0,300.0,,,
RoboPack-1,position_poll,position,536.0,,,,,300.0,300.0,,,
RoboPack-1,position_poll,position,537.0,,,,,300.0,300.0,,,
RoboPack-1,position_poll,position,538.0,,,,,300.0,300.0,,,
RoboPack-1,position_poll,position,539.0,,,,,400.0,300.0,,,
RoboPack-1,position_poll,position,540.0,,,,,400.0,200.0,,,
RoboPack-1,position_poll,position,541.0,,,,,400.0,100.0,,,
RoboPack-1,action,picked_up_3_packages,541.0,,,,,400.0,100.0,pickup_7,,
RoboPack-1,position_poll,position,542.0,,,,,400.0,100.0,,,
RoboPack-1,position_poll,position,543.0,,,,,300.0,100.0,,,
RoboPack-1,position_poll,position,544.0,,,,,300.0,200.0,,,
RoboPack-1,queue,pickup_7,544.0,,,,,300.0,300.0,,3.0,
RoboPack-1,position_poll,position,545.0,,,,,300.0,300.0,,,
RoboPack-1,position_poll,position,546.0,,,,,300.0,300.0,,,
RoboPack-1,position_poll,position,547.0,,,,,300.0,300.0,,,
RoboPack-1,position_poll,position,548.0,,,,,300.0,300.0,,,
RoboPack-1,position_poll,position,549.0,,,,,300.0,300.0,,,
RoboPack-1,position_poll,position,550.0,,,,,300.0,300.0,,,
RoboPack-1,position_poll,position,551.0,,,,,300.0,300.0,,,
RoboPack-1,position_poll,position,552.0,,,,,300.0,300.0,,,
RoboPack-1,position_poll,position,553.0,,,,,300.0,300.0,,,
RoboPack-1,position_poll,position,554.0,,,,,300.0,300.0,,,
RoboPack-1,position_poll,position,555.0,,,,,300.0,300.0,,,
RoboPack-1,position_poll,position,556.0,,,,,300.0,300.0,,,
RoboPack-1,position_poll,position,557.0,,,,,300.0,300.0,,,
RoboPack-1,position_poll,position,558.0,,,,,300.0,300.0,,,
RoboPack-1,queue,packing,559.0,,,,,300.0,300.0,,,
RoboPack-1,position_poll,position,559.0,,,,,300.0,300.0,,,
RoboPack-1,position_poll,position,560.0,,,,,300.0,300.0,,,
RoboPack-1,position_poll,position,561.0,,,,,300.0,300.0,,,
RoboPack-1,position_poll,position,562.0,,,,,300.0,300.0,,,
RoboPack-1,position_poll,position,563.0,,,,,300.0,300.0,,,
RoboPack-1,position_poll,position,564.0,,,,,300.0,300.0,,,
RoboPack-1,position_poll,position,565.0,,,,,300.0,300.0,,,
RoboPack-1,position_poll,position,566.0,,,,,400.0,300.0,,,
RoboPack-1,position_poll,position,567.0,,,,,400.0,400.0,,,
RoboPack-1,position_poll,position,568.0,,,,,400.0,500.0,,,
RoboPack-1,action,picked_up_2_packages,568.0,,,,,400.0,500.0,pickup_3,,
RoboPack-1,position_poll,position,569.0,,,,,400.0,500.0,,,
RoboPack-1,position_poll,position,570.0,,,,,300.0,500.0,,,
RoboPack-1,position_poll,position,571.0,,,,,300.0,400.0,,,
RoboPack-1,queue,pickup_3,571.0,,,,,300.0,300.0,,2.0,
RoboPack-1,position_poll,position,572.0,,,,,300.0,300.0,,,
RoboPack-1,position_poll,position,573.0,,,,,300.0,300.0,,,
RoboPack-1,position_poll,position,574.0,,,,,300.0,300.0,,,
RoboPack-1,position_poll,position,575.0,,,,,300.0,300.0,,,
RoboPack-1,position_poll,position,576.0,,,,,300.0,300.0,,,
RoboPack-1,position_poll,position,577.0,,,,,300.0,300.0,,,
RoboPack-1,position_poll,position,578.0,,,,,300.0,300.0,,,
RoboPack-1,position_poll,position,579.0,,,,,300.0,300.0,,,
RoboPack-1,position_poll,position,580.0,,,,,300.0,300.0,,,
RoboPack-1,queue,packing,581.0,,,,,300.0,300.0,,,
RoboPack-1,position_poll,position,581.0,,,,,300.0,300.0,,,
RoboPack-1,position_poll,position,582.0,,,,,300.0,300.0,,,
RoboPack-1,position_poll,position,583.0,,,,,300.0,300.0,,,
RoboPack-1,position_poll,position,584.0,,,,,300.0,300.0,,,
RoboPack-1,position_poll,position,585.0,,,,,300.0,300.0,,,
RoboPack-1,position_poll,position,586.0,,,,,400.0,300.0,,,
RoboPack-1,position_poll,position,587.0,,,,,400.0,400.0,,,
RoboPack-1,position_poll,position,588.0,,,,,400.0,500.0,,,
RoboPack-1,action,picked_up_2_packages,588.0,,,,,400.0,500.0,pickup_3,,
RoboPack-1,position_poll,position,589.0,,,,,400.0,500.0,,,
RoboPack-1,position_poll,position,590.0,,,,,300.0,500.0,,,
RoboPack-1,position_poll,position,591.0,,,,,300.0,400.0,,,
RoboPack-1,queue,pickup_3,591.0,,,,,300.0,300.0,,2.0,
RoboPack-1,position_poll,position,592.0,,,,,300.0,300.0,,,
RoboPack-1,position_poll,position,593.0,,,,,300.0,300.0,,,
RoboPack-1,position_poll,position,594.0,,,,,300.0,300.0,,,
RoboPack-1,position_poll,position,595.0,,,,,300.0,300.0,,,
RoboPack-1,position_poll,position,596.0,,,,,300.0,300.0,,,
RoboPack-1,position_poll,position,597.0,,,,,300.0,300.0,,,
RoboPack-1,position_poll,position,598.0,,,,,300.0,300.0,,,
RoboPack-1,position_poll,position,599.0,,,,,300.0,300.0,,,
RoboPack-1,position_poll,position,600.0,,,,,300.0,300.0,,,
RoboPack-1,position_poll,position,601.0,,,,,300.0,300.0,,,
RoboPack-1,position_poll,position,602.0,,,,,400.0,300.0,,,
RoboPack-1,position_poll,position,603.0,,,,,500.0,300.0,,,
RoboPack-1,position_poll,position,604.0,,,,,600.0,300.0,,,
RoboPack-1,queue,maintenance,604.0,,,,,600.0,300.0,,,4.0
RoboPack-1,position_poll,position,605.0,,,,,600.0,300.0,,,
RoboPack-1,position_poll,position,606.0,,,,,600.0,300.0,,,
RoboPack-1,position_poll,position,607.0,,,,,600.0,300.0,,,
RoboPack-1,position_poll,position,608.0,,,,,600.0,300.0,,,
RoboPack-1,position_poll,position,609.0,,,,,500.0,300.0,,,
RoboPack-1,position_poll,position,610.0,,,,,400.0,300.0,,,
RoboPack-1,position_poll,position,611.0,,,,,300.0,300.0,,,
RoboPack-1,queue,packing,611.0,,,,,300.0,300.0,,,
RoboPack-1,position_poll,position,612.0,,,,,300.0,300.0,,,
RoboPack-1,position_poll,position,613.0,,,,,300.0,300.0,,,
RoboPack-1,position_poll,position,614.0,,,,,300.0,300.0,,,
RoboPack-1,position_poll,position,615.0,,,,,300.0,300.0,,,
RoboPack-1,position_poll,position,616.0,,,,,300.0,300.0,,,
RoboPack-1,position_poll,position,617.0,,,,,300.0,300.0,,,
RoboPack-1,position_poll,position,618.0,,,,,300.0,300.0,,,
RoboPack-1,position_poll,position,619.0,,,,,300.0,300.0,,,
RoboPack-1,position_poll,position,620.0,,,,,400.0,300.0,,,
RoboPack-1,position_poll,position,621.0,,,,,500.0,300.0,,,
RoboPack-1,position_poll,position,622.0,,,,,600.0,300.0,,,
RoboPack-1,position_poll,position,623.0,,,,,600.0,200.0,,,
RoboPack-1,position_poll,position,624.0,,,,,600.0,100.0,,,
RoboPack-1,action,picked_up_1_packages,624.0,,,,,600.0,100.0,pickup_8,,
RoboPack-1,position_poll,position,625.0,,,,,600.0,100.0,,,
RoboPack-1,position_poll,position,626.0,,,,,500.0,100.0,,,
RoboPack-1,position_poll,position,627.0,,,,,400.0,100.0,,,
RoboPack-1,position_poll,position,628.0,,,,,300.0,100.0,,,
RoboPack-1,position_poll,position,629.0,,,,,300.0,200.0,,,
RoboPack-1,queue,pickup_8,629.0,,,,,300.0,300.0,,1.0,
RoboPack-1,position_poll,position,630.0,,,,,300.0,300.0,,,
RoboPack-1,position_poll,position,631.0,,,,,300.0,300.0,,,
RoboPack-1,position_poll,position,632.0,,,,,300.0,300.0,,,
RoboPack-1,position_poll,position,633.0,,,,,300.0,300.0,,,
RoboPack-1,queue,packing,634.0,,,,,300.0,300.0,,,
RoboPack-1,position_poll,position,634.0,,,,,300.0,300.0,,,
RoboPack-1,position_poll,position,635.0,,,,,300.0,300.0,,,
RoboPack-1,position_poll,position,636.0,,,,,300.0,300.0,,,
RoboPack-1,position_poll,position,637.0,,,,,300.0,300.0,,,
RoboPack-1,position_poll,position,638.0,,,,,300.0,300.0,,,
RoboPack-1,position_poll,position,639.0,,,,,300.0,300.0,,,
RoboPack-1,position_poll,position,640.0,,,,,300.0,300.0,,,
RoboPack-1,position_poll,position,641.0,,,,,200.0,300.0,,,
RoboPack-1,position_poll,position,642.0,,,,,100.0,300.0,,,
RoboPack-1,position_poll,position,643.0,,,,,0.0,300.0,,,
RoboPack-1,position_poll,position,644.0,,,,,0.0,400.0,,,
RoboPack-1,position_poll,position,645.0,,,,,0.0,500.0,,,
RoboPack-1,action,picked_up_1_packages,645.0,,,,,0.0,500.0,pickup_1,,
RoboPack-1,position_poll,position,646.0,,,,,0.0,500.0,,,
RoboPack-1,position_poll,position,647.0,,,,,100.0,500.0,,,
RoboPack-1,position_poll,position,648.0,,,,,200.0,500.0,,,
RoboPack-1,position_poll,position,649.0,,,,,300.0,500.0,,,
RoboPack-1,position_poll,position,650.0,,,,,300.0,400.0,,,
RoboPack-1,queue,pickup_1,650.0,,,,,300.0,300.0,,1.0,
RoboPack-1,position_poll,position,651.0,,,,,300.0,300.0,,,
RoboPack-1,position_poll,position,652.0,,,,,300.0,300.0,,,
RoboPack-1,position_poll,position,653.0,,,,,300.0,300.0,,,
RoboPack-1,position_poll,position,654.0,,,,,300.0,300.0,,,
RoboPack-1,queue,packing,655.0,,,,,300.0,300.0,,,
RoboPack-1,position_poll,position,655.0,,,,,300.0,300.0,,,
RoboPack-1,position_poll,position,656.0,,,,,300.0,300.0,,,
RoboPack-1,position_poll,position,657.0,,,,,300.0,300.0,,,
RoboPack-1,position_poll,position,658.0,,,,,300.0,300.0,,,
RoboPack-1,position_poll,position,659.0,,,,,300.0,300.0,,,
RoboPack-1,position_poll,position,660.0,,,,,300.0,300.0,,,
RoboPack-1,position_poll,position,661.0,,,,,300.0,300.0,,,
RoboPack-1,position_poll,position,662.0,,,,,300.0,300.0,,,
RoboPack-1,position_poll,position,663.0,,,,,300.0,300.0,,,
RoboPack-1,position_poll,position,664.0,,,,,200.0,300.0,,,
RoboPack-1,position_poll,position,665.0,,,,,100.0,300.0,,,
RoboPack-1,position_poll,position,666.0,,,,,0.0,300.0,,,
RoboPack-1,position_poll,position,667.0,,,,,0.0,200.0,,,
RoboPack-1,position_poll,position,668.0,,,,,0.0,100.0,,,
RoboPack-1,action,picked_up_5_packages,668.0,,,,,0.0,100.0,pickup_5,,
RoboPack-1,position_poll,position,669.0,,,,,0.0,100.0,,,
RoboPack-1,position_poll,position,670.0,,,,,100.0,100.0,,,
RoboPack-1,position_poll,position,671.0,,,,,200.0,100.0,,,
RoboPack-1,position_poll,position,672.0,,,,,300.0,100.0,,,
RoboPack-1,position_poll,position,673.0,,,,,300.0,200.0,,,
RoboPack-1,queue,pickup_5,673.0,,,,,300.0,300.0,,5.0,
RoboPack-1,position_poll,position,674.0,,,,,300.0,300.0,,,
RoboPack-1,position_poll,position,675.0,,,,,300.0,300.0,,,
RoboPack-1,position_poll,position,676.0,,,,,300.0,300.0,,,
RoboPack-1,position_poll,position,677.0,,,,,300.0,300.0,,,
RoboPack-1,position_poll,position,678.0,,,,,300.0,300.0,,,
RoboPack-1,position_poll,position,679.0,,,,,300.0,300.0,,,
RoboPack-1,position_poll,position,680.0,,,,,300.0,300.0,,,
RoboPack-1,position_poll,position,681.0,,,,,300.0,300.0,,,
RoboPack-1,position_poll,position,682.0,,,,,300.0,300.0,,,
RoboPack-1,position_poll,position,683.0,,,,,300.0,300.0,,,
RoboPack-1,position_poll,position,684.0,,,,,300.0,300.0,,,
RoboPack-1,position_poll,position,685.0,,,,,300.0,300.0,,,
RoboPack-1,position_poll,position,686.0,,,,,300.0,300.0,,,
RoboPack-1,position_poll,position,687.0,,,,,300.0,300.0,,,
RoboPack-1,position_poll,position,688.0,,,,,300.0,300.0,,,
RoboPack-1,position_poll,position,689.0,,,,,300.0,300.0,,,
RoboPack-1,position_poll,position,690.0,,,,,300.0,300.0,,,
RoboPack-1,position_poll,position,691.0,,,,,300.0,300.0,,,
RoboPack-1,position_poll,position,692.0,,,,,300.0,300.0,,,
RoboPack-1,position_poll,position,693.0,,,,,300.0,300.0,,,
RoboPack-1,position_poll,position,694.0,,,,,300.0,300.0,,,
RoboPack-1,position_poll,position,695.0,,,,,300.0,300.0,,,
RoboPack-1,position_poll,position,696.0,,,,,300.0,300.0,,,
RoboPack-1,position_poll,position,697.0,,,,,300.0,300.0,,,
RoboPack-1,queue,packing,698.0,,,,,300.0,300.0,,,
RoboPack-1,position_poll,position,698.0,,,,,300.0,300.0,,,
RoboPack-1,position_poll,position,699.0,,,,,300.0,300.0,,,
RoboPack-1,position_poll,position,700.0,,,,,300.0,300.0,,,
RoboPack-1,position_poll,position,701.0,,,,,300.0,300.0,,,
RoboPack-1,position_poll,position,702.0,,,,,300.0,300.0,,,
RoboPack-1,position_poll,position,703.0,,,,,300.0,300.0,,,
RoboPack-1,position_poll,position,704.0,,,,,300.0,300.0,,,
RoboPack-1,position_poll,position,705.0,,,,,300.0,300.0,,,
RoboPack-1,position_poll,position,706.0,,,,,300.0,300.0,,,
RoboPack-1,position_poll,position,707.0,,,,,400.0,300.0,,,
RoboPack-1,position_poll,position,708.0,,,,,500.0,300.0,,,
RoboPack-1,position_poll,position,709.0,,,,,600.0,300.0,,,
RoboPack-1,position_poll,position,710.0,,,,,600.0,200.0,,,
RoboPack-1,position_poll,position,711.0,,,,,600.0,100.0,,,
RoboPack-1,action,picked_up_1_packages,711.0,,,,,600.0,100.0,pickup_8,,
RoboPack-1,position_poll,position,712.0,,,,,600.0,100.0,,,
RoboPack-1,position_poll,position,713.0,,,,,500.0,100.0,,,
RoboPack-1,position_poll,position,714.0,,,,,400.0,100.0,,,
RoboPack-1,position_poll,position,715.0,,,,,300.0,100.0,,,
RoboPack-1,position_poll,position,716.0,,,,,300.0,200.0,,,
RoboPack-1,queue,pickup_8,716.0,,,,,300.0,300.0,,1.0,
RoboPack-1,position_poll,position,717.0,,,,,300.0,300.0,,,
RoboPack-1,position_poll,position,718.0,,,,,300.0,300.0,,,
RoboPack-1,position_poll,position,719.0,,,,,300.0,300.0,,,
RoboPack-1,position_poll,position,720.0,,,,,300.0,300.0,,,
RoboPack-1,position_poll,position,721.0,,,,,300.0,300.0,,,
RoboPack-1,position_poll,position,722.0,,,,,400.0,300.0,,,
RoboPack-1,position_poll,position,723.0,,,,,500.0,300.0,,,
RoboPack-1,position_poll,position,724.0,,,,,600.0,300.0,,,
RoboPack-1,queue,maintenance,724.0,,,,,600.0,300.0,,,3.0
RoboPack-1,position_poll,position,725.0,,,,,600.0,300.0,,,
RoboPack-1,position_poll,position,726.0,,,,,600.0,300.0,,,
RoboPack-1,position_poll,position,727.0,,,,,600.0,300.0,,,
RoboPack-1,position_poll,position,728.0,,,,,500.0,300.0,,,
RoboPack-1,position_poll,position,729.0,,,,,400.0,300.0,,,
RoboPack-1,position_poll,position,730.0,,,,,300.0,300.0,,,
RoboPack-1,queue,packing,730.0,,,,,300.0,300.0,,,
RoboPack-1,position_poll,position,731.0,,,,,300.0,300.0,,,
RoboPack-1,position_poll,position,732.0,,,,,300.0,300.0,,,
RoboPack-1,position_poll,position,733.0,,,,,300.0,300.0,,,
RoboPack-1,position_poll,position,734.0,,,,,300.0,300.0,,,
RoboPack-1,position_poll,position,735.0,,,,,300.0,300.0,,,
RoboPack-1,position_poll,position,736.0,,,,,400.0,300.0,,,
RoboPack-1,position_poll,position,737.0,,,,,500.0,300.0,,,
RoboPack-1,position_poll,position,738.0,,,,,600.0,300.0,,,
RoboPack-1,position_poll,position,739.0,,,,,600.0,200.0,,,
RoboPack-1,position_poll,position,740.0,,,,,600.0,100.0,,,
RoboPack-1,action,picked_up_2_packages,740.0,,,,,600.0,100.0,pickup_8,,
RoboPack-1,position_poll,position,741.0,,,,,600.0,100.0,,,
RoboPack-1,position_poll,position,742.0,,,,,500.0,100.0,,,
RoboPack-1,position_poll,position,743.0,,,,,400.0,100.0,,,
RoboPack-1,position_poll,position,744.0,,,,,300.0,100.0,,,
RoboPack-1,position_poll,position,745.0,,,,,300.0,200.0,,,
RoboPack-1,queue,pickup_8,745.0,,,,,300.0,300.0,,2.0,
RoboPack-1,position_poll,position,746.0,,,,,300.0,300.0,,,
RoboPack-1,position_poll,position,747.0,,,,,300.0,300.0,,,
RoboPack-1,position_poll,position,748.0,,,,,300.0,300.0,,,
RoboPack-1,position_poll,position,749.0,,,,,300.0,300.0,,,
RoboPack-1,position_poll,position,750.0,,,,,300.0,300.0,,,
RoboPack-1,position_poll,position,751.0,,,,,300.0,300.0,,,
RoboPack-1,position_poll,position,752.0,,,,,300.0,300.0,,,
RoboPack-1,position_poll,position,753.0,,,,,300.0,300.0,,,
RoboPack-1,position_poll,position,754.0,,,,,300.0,300.0,,,
RoboPack-1,queue,packing,755.0,,,,,300.0,300.0,,,
RoboPack-1,position_poll,position,755.0,,,,,300.0,300.0,,,
RoboPack-1,position_poll,position,756.0,,,,,300.0,300.0,,,
RoboPack-1,position_poll,position,757.0,,,,,300.0,300.0,,,
RoboPack-1,position_poll,position,758.0,,,,,300.0,300.0,,,
RoboPack-1,position_poll,position,759.0,,,,,300.0,300.0,,,
RoboPack-1,position_poll,position,760.0,,,,,300.0,300.0,,,
RoboPack-1,position_poll,position,761.0,,,,,300.0,300.0,,,
RoboPack-1,position_poll,position,762.0,,,,,300.0,300.0,,,
RoboPack-1,position_poll,position,763.0,,,,,300.0,300.0,,,
RoboPack-1,position_poll,position,764.0,,,,,400.0,300.0,,,
RoboPack-1,position_poll,position,765.0,,,,,400.0,200.0,,,
RoboPack-1,position_poll,position,766.0,,,,,400.0,100.0,,,
RoboPack-1,action,picked_up_5_packages,766.0,,,,,400.0,100.0,pickup_7,,
RoboPack-1,position_poll,position,767.0,,,,,400.0,100.0,,,
RoboPack-1,position_poll,position,768.0,,,,,300.0,100.0,,,
RoboPack-1,position_poll,position,769.0,,,,,300.0,200.0,,,
RoboPack-1,queue,pickup_7,769.0,,,,,300.0,300.0,,5.0,
RoboPack-1,position_poll,position,770.0,,,,,300.0,300.0,,,
RoboPack-1,position_poll,position,771.0,,,,,300.0,300.0,,,
RoboPack-1,position_poll,position,772.0,,,,,300.0,300.0,,,
RoboPack-1,position_poll,position,773.0,,,,,300.0,300.0,,,
RoboPack-1,position_poll,position,774.0,,,,,300.0,300.0,,,
RoboPack-1,position_poll,position,775.0,,,,,300.0,300.0,,,
RoboPack-1,position_poll,position,776.0,,,,,300.0,300.0,,,
RoboPack-1,position_poll,position,777.0,,,,,300.0,300.0,,,
RoboPack-1,position_poll,position,778.0,,,,,300.0,300.0,,,
RoboPack-1,position_poll,position,779.0,,,,,300.0,300.0,,,
RoboPack-1,position_poll,position,780.0,,,,,300.0,300.0,,,
RoboPack-1,position_poll,position,781.0,,,,,300.0,300.0,,,
RoboPack-1,position_poll,position,782.0,,,,,300.0,300.0,,,
RoboPack-1,position_poll,position,783.0,,,,,300.0,300.0,,,
RoboPack-1,position_poll,position,784.0,,,,,300.0,300.0,,,
RoboPack-1,position_poll,position,785.0,,,,,300.0,300.0,,,
RoboPack-1,position_poll,position,786.0,,,,,300.0,300.0,,,
RoboPack-1,position_poll,position,787.0,,,,,300.0,300.0,,,
RoboPack-1,position_poll,position,788.0,,,,,300.0,300.0,,,
RoboPack-1,position_poll,position,789.0,,,,,300.0,300.0,,,
RoboPack-1,position_poll,position,790.0,,,,,300.0,300.0,,,
RoboPack-1,position_poll,position,791.0,,,,,300.0,300.0,,,
RoboPack-1,position_poll,position,792.0,,,,,300.0,300.0,,,
RoboPack-1,position_poll,position,793.0,,,,,300.0,300.0,,,
RoboPack-1,queue,packing,794.0,,,,,300.0,300.0,,,
RoboPack-1,position_poll,position,794.0,,,,,300.0,300.0,,,
RoboPack-1,position_poll,position,795.0,,,,,300.0,300.0,,,
RoboPack-1,position_poll,position,796.0,,,,,300.0,300.0,,,
RoboPack-1,position_poll,position,797.0,,,,,300.0,300.0,,,
RoboPack-1,position_poll,position,798.0,,,,,300.0,300.0,,,
RoboPack-1,position_poll,position,799.0,,,,,300.0,300.0,,,
RoboPack-1,position_poll,position,800.0,,,,,300.0,300.0,,,
RoboPack-1,position_poll,position,801.0,,,,,400.0,300.0,,,
RoboPack-1,position_poll,position,802.0,,,,,500.0,300.0,,,
RoboPack-1,position_poll,position,803.0,,,,,600.0,300.0,,,
RoboPack-1,position_poll,position,804.0,,,,,600.0,400.0,,,
RoboPack-1,position_poll,position,805.0,,,,,600.0,500.0,,,
RoboPack-1,action,picked_up_4_packages,805.0,,,,,600.0,500.0,pickup_4,,
RoboPack-1,position_poll,position,806.0,,,,,600.0,500.0,,,
RoboPack-1,position_poll,position,807.0,,,,,500.0,500.0,,,
RoboPack-1,position_poll,position,808.0,,,,,400.0,500.0,,,
RoboPack-1,position_poll,position,809.0,,,,,300.0,500.0,,,
RoboPack-1,position_poll,position,810.0,,,,,300.0,400.0,,,
RoboPack-1,queue,pickup_4,810.0,,,,,300.0,300.0,,4.0,
RoboPack-1,position_poll,position,811.0,,,,,300.0,300.0,,,
RoboPack-1,position_poll,position,812.0,,,,,300.0,300.0,,,
RoboPack-1,position_poll,position,813.0,,,,,300.0,300.0,,,
RoboPack-1,position_poll,position,814.0,,,,,300.0,300.0,,,
RoboPack-1,position_poll,position,815.0,,,,,300.0,300.0,,,
RoboPack-1,position_poll,position,816.0,,,,,300.0,300.0,,,
RoboPack-1,position_poll,position,817.0,,,,,300.0,300.0,,,
RoboPack-1,position_poll,position,818.0,,,,,300.0,300.0,,,
RoboPack-1,position_poll,position,819.0,,,,,300.0,300.0,,,
RoboPack-1,position_poll,position,820.0,,,,,300.0,300.0,,,
RoboPack-1,position_poll,position,821.0,,,,,300.0,300.0,,,
RoboPack-1,position_poll,position,822.0,,,,,300.0,300.0,,,
RoboPack-1,position_poll,position,823.0,,,,,300.0,300.0,,,
RoboPack-1,position_poll,position,824.0,,,,,300.0,300.0,,,
RoboPack-1,position_poll,position,825.0,,,,,300.0,300.0,,,
RoboPack-1,position_poll,position,826.0,,,,,300.0,300.0,,,
RoboPack-1,position_poll,position,827.0,,,,,300.0,300.0,,,
RoboPack-1,position_poll,position,828.0,,,,,300.0,300.0,,,
RoboPack-1,position_poll,position,829.0,,,,,300.0,300.0,,,
RoboPack-1,queue,packing,830.0,,,,,300.0,300.0,,,
RoboPack-1,position_poll,position,830.0,,,,,300.0,300.0,,,
RoboPack-1,position_poll,position,831.0,,,,,300.0,300.0,,,
RoboPack-1,position_poll,position,832.0,,,,,300.0,300.0,,,
RoboPack-1,position_poll,position,833.0,,,,,300.0,300.0,,,
RoboPack-1,position_poll,position,834.0,,,,,300.0,300.0,,,
RoboPack-1,position_poll,position,835.0,,,,,200.0,300.0,,,
RoboPack-1,position_poll,position,836.0,,,,,200.0,400.0,,,
RoboPack-1,position_poll,position,837.0,,,,,200.0,500.0,,,
RoboPack-1,action,picked_up_2_packages,837.0,,,,,200.0,500.0,pickup_2,,
RoboPack-1,position_poll,position,838.0,,,,,200.0,500.0,,,
RoboPack-1,position_poll,position,839.0,,,,,300.0,500.0,,,
RoboPack-1,position_poll,position,840.0,,,,,300.0,400.0,,,
RoboPack-1,queue,pickup_2,840.0,,,,,300.0,300.0,,2.0,
RoboPack-1,position_poll,position,841.0,,,,,300.0,300.0,,,
RoboPack-1,position_poll,position,842.0,,,,,300.0,300.0,,,
RoboPack-1,position_poll,position,843.0,,,,,300.0,300.0,,,
RoboPack-1,position_poll,position,844.0,,,,,300.0,300.0,,,
RoboPack-1,position_poll,position,845.0,,,,,300.0,300.0,,,
RoboPack-1,position_poll,position,846.0,,,,,300.0,300.0,,,
RoboPack-1,position_poll,position,847.0,,,,,300.0,300.0,,,
RoboPack-1,position_poll,position,848.0,,,,,300.0,300.0,,,
RoboPack-1,position_poll,position,849.0,,,,,300.0,300.0,,,
RoboPack-1,queue,packing,850.0,,,,,300.0,300.0,,,
RoboPack-1,position_poll,position,850.0,,,,,300.0,300.0,,,
RoboPack-1,position_poll,position,851.0,,,,,300.0,300.0,,,
RoboPack-1,position_poll,position,852.0,,,,,300.0,300.0,,,
RoboPack-1,position_poll,position,853.0,,,,,300.0,300.0,,,
RoboPack-1,position_poll,position,854.0,,,,,300.0,300.0,,,
RoboPack-1,position_poll,position,855.0,,,,,300.0,300.0,,,
RoboPack-1,position_poll,position,856.0,,,,,300.0,300.0,,,
RoboPack-1,position_poll,position,857.0,,,,,300.0,300.0,,,
RoboPack-1,position_poll,position,858.0,,,,,300.0,300.0,,,
RoboPack-1,position_poll,position,859.0,,,,,400.0,300.0,,,
RoboPack-1,position_poll,position,860.0,,,,,400.0,400.0,,,
RoboPack-1,position_poll,position,861.0,,,,,400.0,500.0,,,
RoboPack-1,action,picked_up_4_packages,861.0,,,,,400.0,500.0,pickup_3,,
RoboPack-1,position_poll,position,862.0,,,,,400.0,500.0,,,
RoboPack-1,position_poll,position,863.0,,,,,300.0,500.0,,,
RoboPack-1,position_poll,position,864.0,,,,,300.0,400.0,,,
RoboPack-1,queue,pickup_3,864.0,,,,,300.0,300.0,,4.0,
RoboPack-1,position_poll,position,865.0,,,,,300.0,300.0,,,
RoboPack-1,position_poll,position,866.0,,,,,300.0,300.0,,,
RoboPack-1,position_poll,position,867.0,,,,,300.0,300.0,,,
RoboPack-1,position_poll,position,868.0,,,,,300.0,300.0,,,
RoboPack-1,position_poll,position,869.0,,,,,300.0,300.0,,,
RoboPack-1,position_poll,position,870.0,,,,,300.0,300.0,,,
RoboPack-1,position_poll,position,871.0,,,,,300.0,300.0,,,
RoboPack-1,position_poll,position,872.0,,,,,300.0,300.0,,,
RoboPack-1,position_poll,position,873.0,,,,,300.0,300.0,,,
RoboPack-1,position_poll,position,874.0,,,,,300.0,300.0,,,
RoboPack-1,position_poll,position,875.0,,,,,300.0,300.0,,,
RoboPack-1,position_poll,position,876.0,,,,,300.0,300.0,,,
RoboPack-1,position_poll,position,877.0,,,,,300.0,300.0,,,
RoboPack-1,position_poll,position,878.0,,,,,300.0,300.0,,,
RoboPack-1,position_poll,position,879.0,,,,,300.0,300.0,,,
RoboPack-1,position_poll,position,880.0,,,,,300.0,300.0,,,
RoboPack-1,position_poll,position,881.0,,,,,300.0,300.0,,,
RoboPack-1,position_poll,position,882.0,,,,,300.0,300.0,,,
RoboPack-1,position_poll,position,883.0,,,,,300.0,300.0,,,
RoboPack-1,queue,packing,884.0,,,,,300.0,300.0,,,
RoboPack-1,position_poll,position,884.0,,,,,300.0,300.0,,,
RoboPack-1,position_poll,position,885.0,,,,,300.0,300.0,,,
RoboPack-1,position_poll,position,886.0,,,,,300.0,300.0,,,
RoboPack-1,position_poll,position,887.0,,,,,300.0,300.0,,,
RoboPack-1,position_poll,position,888.0,,,,,300.0,300.0,,,
RoboPack-1,position_poll,position,889.0,,,,,200.0,300.0,,,
RoboPack-1,position_poll,position,890.0,,,,,100.0,300.0,,,
RoboPack-1,position_poll,position,891.0,,,,,0.0,300.0,,,
RoboPack-1,position_poll,position,892.0,,,,,0.0,200.0,,,
RoboPack-1,position_poll,position,893.0,,,,,0.0,100.0,,,
RoboPack-1,action,picked_up_2_packages,893.0,,,,,0.0,100.0,pickup_5,,
RoboPack-1,position_poll,position,894.0,,,,,0.0,100.0,,,
RoboPack-1,position_poll,position,895.0,,,,,100.0,100.0,,,
RoboPack-1,position_poll,position,896.0,,,,,200.0,100.0,,,
RoboPack-1,position_poll,position,897.0,,,,,300.0,100.0,,,
RoboPack-1,position_poll,position,898.0,,,,,300.0,200.0,,,
RoboPack-1,queue,pickup_5,898.0,,,,,300.0,300.0,,2.0,
RoboPack-1,position_poll,position,899.0,,,,,300.0,300.0,,,
RoboPack-1,position_poll,position,900.0,,,,,300.0,300.0,,,
RoboPack-1,position_poll,position,901.0,,,,,300.0,300.0,,,
RoboPack-1,position_poll,position,902.0,,,,,300.0,300.0,,,
RoboPack-1,position_poll,position,903.0,,,,,300.0,300.0,,,
RoboPack-1,position_poll,position,904.0,,,,,300.0,300.0,,,
RoboPack-1,position_poll,position,905.0,,,,,300.0,300.0,,,
RoboPack-1,position_poll,position,906.0,,,,,300.0,300.0,,,
RoboPack-1,position_poll,position,907.0,,,,,300.0,300.0,,,
RoboPack-1,position_poll,position,908.0,,,,,300.0,300.0,,,
RoboPack-1,position_poll,position,909.0,,,,,400.0,300.0,,,
RoboPack-1,position_poll,position,910.0,,,,,500.0,300.0,,,
RoboPack-1,position_poll,position,911.0,,,,,600.0,300.0,,,
RoboPack-1,queue,maintenance,911.0,,,,,600.0,300.0,,,4.0
RoboPack-1,position_poll,position,912.0,,,,,600.0,300.0,,,
RoboPack-1,position_poll,position,913.0,,,,,600.0,300.0,,,
RoboPack-1,position_poll,position,914.0,,,,,600.0,300.0,,,
RoboPack-1,position_poll,position,915.0,,,,,600.0,300.0,,,
RoboPack-1,position_poll,position,916.0,,,,,500.0,300.0,,,
RoboPack-1,position_poll,position,917.0,,,,,400.0,300.0,,,
RoboPack-1,position_poll,position,918.0,,,,,300.0,300.0,,,
RoboPack-1,queue,packing,918.0,,,,,300.0,300.0,,,
RoboPack-1,position_poll,position,919.0,,,,,300.0,300.0,,,
RoboPack-1,position_poll,position,920.0,,,,,300.0,300.0,,,
RoboPack-1,position_poll,position,921.0,,,,,300.0,300.0,,,
RoboPack-1,position_poll,position,922.0,,,,,300.0,300.0,,,
RoboPack-1,position_poll,position,923.0,,,,,300.0,300.0,,,
RoboPack-1,position_poll,position,924.0,,,,,300.0,300.0,,,
RoboPack-1,position_poll,position,925.0,,,,,400.0,300.0,,,
RoboPack-1,position_poll,position,926.0,,,,,400.0,400.0,,,
RoboPack-1,position_poll,position,927.0,,,,,400.0,500.0,,,
RoboPack-1,action,picked_up_4_packages,927.0,,,,,400.0,500.0,pickup_3,,
RoboPack-1,position_poll,position,928.0,,,,,400.0,500.0,,,
RoboPack-1,position_poll,position,929.0,,,,,300.0,500.0,,,
RoboPack-1,position_poll,position,930.0,,,,,300.0,400.0,,,
RoboPack-1,queue,pickup_3,930.0,,,,,300.0,300.0,,4.0,
RoboPack-1,position_poll,position,931.0,,,,,300.0,300.0,,,
RoboPack-1,position_poll,position,932.0,,,,,300.0,300.0,,,
RoboPack-1,position_poll,position,933.0,,,,,300.0,300.0,,,
RoboPack-1,position_poll,position,934.0,,,,,300.0,300.0,,,
RoboPack-1,position_poll,position,935.0,,,,,300.0,300.0,,,
RoboPack-1,position_poll,position,936.0,,,,,300.0,300.0,,,
RoboPack-1,position_poll,position,937.0,,,,,300.0,300.0,,,
RoboPack-1,position_poll,position,938.0,,,,,300.0,300.0,,,
RoboPack-1,position_poll,position,939.0,,,,,300.0,300.0,,,
RoboPack-1,position_poll,position,940.0,,,,,300.0,300.0,,,
RoboPack-1,position_poll,position,941.0,,,,,300.0,300.0,,,
RoboPack-1,position_poll,position,942.0,,,,,300.0,300.0,,,
RoboPack-1,position_poll,position,943.0,,,,,300.0,300.0,,,
RoboPack-1,position_poll,position,944.0,,,,,300.0,300.0,,,
RoboPack-1,position_poll,position,945.0,,,,,300.0,300.0,,,
RoboPack-1,position_poll,position,946.0,,,,,300.0,300.0,,,
RoboPack-1,position_poll,position,947.0,,,,,300.0,300.0,,,
RoboPack-1,position_poll,position,948.0,,,,,300.0,300.0,,,
RoboPack-1,position_poll,position,949.0,,,,,300.0,300.0,,,
RoboPack-1,queue,packing,950.0,,,,,300.0,300.0,,,
RoboPack-1,position_poll,position,950.0,,,,,300.0,300.0,,,
RoboPack-1,position_poll,position,951.0,,,,,300.0,300.0,,,
RoboPack-1,position_poll,position,952.0,,,,,300.0,300.0,,,
RoboPack-1,position_poll,position,953.0,,,,,300.0,300.0,,,
RoboPack-1,position_poll,position,954.0,,,,,300.0,300.0,,,
RoboPack-1,position_poll,position,955.0,,,,,300.0,300.0,,,
RoboPack-1,position_poll,position,956.0,,,,,300.0,300.0,,,
RoboPack-1,position_poll,position,957.0,,,,,300.0,300.0,,,
RoboPack-1,position_poll,position,958.0,,,,,400.0,300.0,,,
RoboPack-1,position_poll,position,959.0,,,,,500.0,300.0,,,
RoboPack-1,position_poll,position,960.0,,,,,600.0,300.0,,,
RoboPack-1,position_poll,position,961.0,,,,,600.0,200.0,,,
RoboPack-1,position_poll,position,962.0,,,,,600.0,100.0,,,
RoboPack-1,action,picked_up_2_packages,962.0,,,,,600.0,100.0,pickup_8,,
RoboPack-1,position_poll,position,963.0,,,,,600.0,100.0,,,
RoboPack-1,position_poll,position,964.0,,,,,500.0,100.0,,,
RoboPack-1,position_poll,position,965.0,,,,,400.0,100.0,,,
RoboPack-1,position_poll,position,966.0,,,,,300.0,100.0,,,
RoboPack-1,position_poll,position,967.0,,,,,300.0,200.0,,,
RoboPack-1,queue,pickup_8,967.0,,,,,300.0,300.0,,2.0,
RoboPack-1,position_poll,position,968.0,,,,,300.0,300.0,,,
RoboPack-1,position_poll,position,969.0,,,,,300.0,300.0,,,
RoboPack-1,position_poll,position,970.0,,,,,300.0,300.0,,,
RoboPack-1,position_poll,position,971.0,,,,,300.0,300.0,,,
RoboPack-1,position_poll,position,972.0,,,,,300.0,300.0,,,
RoboPack-1,position_poll,position,973.0,,,,,300.0,300.0,,,
RoboPack-1,position_poll,position,974.0,,,,,300.0,300.0,,,
RoboPack-1,position_poll,position,975.0,,,,,300.0,300.0,,,
RoboPack-1,position_poll,position,976.0,,,,,300.0,300.0,,,
RoboPack-1,queue,packing,977.0,,,,,300.0,300.0,,,
RoboPack-1,position_poll,position,977.0,,,,,300.0,300.0,,,
RoboPack-1,position_poll,position,978.0,,,,,300.0,300.0,,,
RoboPack-1,position_poll,position,979.0,,,,,300.0,300.0,,,
RoboPack-1,position_poll,position,980.0,,,,,300.0,300.0,,,
RoboPack-1,position_poll,position,981.0,,,,,300.0,300.0,,,
RoboPack-1,position_poll,position,982.0,,,,,200.0,300.0,,,
RoboPack-1,position_poll,position,983.0,,,,,100.0,300.0,,,
RoboPack-1,position_poll,position,984.0,,,,,0.0,300.0,,,
RoboPack-1,position_poll,position,985.0,,,,,0.0,400.0,,,
RoboPack-1,position_poll,position,986.0,,,,,0.0,500.0,,,
RoboPack-1,action,picked_up_1_packages,986.0,,,,,0.0,500.0,pickup_1,,
RoboPack-1,position_poll,position,987.0,,,,,0.0,500.0,,,
RoboPack-1,position_poll,position,988.0,,,,,100.0,500.0,,,
RoboPack-1,position_poll,position,989.0,,,,,200.0,500.0,,,
RoboPack-1,position_poll,position,990.0,,,,,300.0,500.0,,,
RoboPack-1,position_poll,position,991.0,,,,,300.0,400.0,,,
RoboPack-1,queue,pickup_1,991.0,,,,,300.0,300.0,,1.0,
RoboPack-1,position_poll,position,992.0,,,,,300.0,300.0,,,
RoboPack-1,position_poll,position,993.0,,,,,300.0,300.0,,,
RoboPack-1,position_poll,position,994.0,,,,,300.0,300.0,,,
RoboPack-1,position_poll,position,995.0,,,,,300.0,300.0,,,
RoboPack-1,queue,packing,996.0,,,,,300.0,300.0,,,
RoboPack-1,position_poll,position,996.0,,,,,300.0,300.0,,,
RoboPack-1,position_poll,position,997.0,,,,,300.0,300.0,,,
RoboPack-1,position_poll,position,998.0,,,,,300.0,300.0,,,
RoboPack-1,position_poll,position,999.0,,,,,300.0,300.0,,,
RoboPack-1,position_poll,position,1000.0,,,,,300.0,300.0,,,
RoboPack-1,position_poll,position,1001.0,,,,,300.0,300.0,,,
RoboPack-1,position_poll,position,1002.0,,,,,300.0,300.0,,,
RoboPack-1,position_poll,position,1003.0,,,,,200.0,300.0,,,
RoboPack-1,position_poll,position,1004.0,,,,,200.0,200.0,,,
RoboPack-1,position_poll,position,1005.0,,,,,200.0,100.0,,,
RoboPack-1,action,picked_up_5_packages,1005.0,,,,,200.0,100.0,pickup_6,,
RoboPack-1,position_poll,position,1006.0,,,,,200.0,100.0,,,
RoboPack-1,position_poll,position,1007.0,,,,,300.0,100.0,,,
RoboPack-1,position_poll,position,1008.0,,,,,300.0,200.0,,,
RoboPack-1,queue,pickup_6,1008.0,,,,,300.0,300.0,,5.0,
RoboPack-1,position_poll,position,1009.0,,,,,300.0,300.0,,,
RoboPack-1,position_poll,position,1010.0,,,,,300.0,300.0,,,
RoboPack-1,position_poll,position,1011.0,,,,,300.0,300.0,,,
RoboPack-1,position_poll,position,1012.0,,,,,300.0,300.0,,,
RoboPack-1,position_poll,position,1013.0,,,,,300.0,300.0,,,
RoboPack-1,position_poll,position,1014.0,,,,,300.0,300.0,,,
RoboPack-1,position_poll,position,1015.0,,,,,300.0,300.0,,,
RoboPack-1,position_poll,position,1016.0,,,,,300.0,300.0,,,
RoboPack-1,position_poll,position,1017.0,,,,,300.0,300.0,,,
RoboPack-1,position_poll,position,1018.0,,,,,300.0,300.0,,,
RoboPack-1,position_poll,position,1019.0,,,,,300.0,300.0,,,
RoboPack-1,position_poll,position,1020.0,,,,,300.0,300.0,,,
RoboPack-1,position_poll,position,1021.0,,,,,300.0,300.0,,,
RoboPack-1,position_poll,position,1022.0,,,,,300.0,300.0,,,
RoboPack-1,position_poll,position,1023.0,,,,,300.0,300.0,,,
RoboPack-1,position_poll,position,1024.0,,,,,300.0,300.0,,,
RoboPack-1,position_poll,position,1025.0,,,,,300.0,300.0,,,
RoboPack-1,position_poll,position,1026.0,,,,,300.0,300.0,,,
RoboPack-1,position_poll,position,1027.0,,,,,300.0,300.0,,,
RoboPack-1,position_poll,position,1028.0,,,,,300.0,300.0,,,
RoboPack-1,position_poll,position,1029.0,,,,,300.0,300.0,,,
RoboPack-1,position_poll,position,1030.0,,,,,300.0,300.0,,,
RoboPack-1,position_poll,position,1031.0,,,,,300.0,300.0,,,
RoboPack-1,position_poll,position,1032.0,,,,,300.0,300.0,,,
RoboPack-1,queue,packing,1033.0,,,,,300.0,300.0,,,
RoboPack-1,position_poll,position,1033.0,,,,,300.0,300.0,,,
RoboPack-1,position_poll,position,1034.0,,,,,300.0,300.0,,,
RoboPack-1,position_poll,position,1035.0,,,,,300.0,300.0,,,
RoboPack-1,position_poll,position,1036.0,,,,,300.0,300.0,,,
RoboPack-1,position_poll,position,1037.0,,,,,300.0,300.0,,,
RoboPack-1,position_poll,position,1038.0,,,,,200.0,300.0,,,
RoboPack-1,position_poll,position,1039.0,,,,,100.0,300.0,,,
RoboPack-1,position_poll,position,1040.0,,,,,0.0,300.0,,,
RoboPack-1,position_poll,position,1041.0,,,,,0.0,400.0,,,
RoboPack-1,position_poll,position,1042.0,,,,,0.0,500.0,,,
RoboPack-1,action,picked_up_1_packages,1042.0,,,,,0.0,500.0,pickup_1,,
RoboPack-1,position_poll,position,1043.0,,,,,0.0,500.0,,,
RoboPack-1,position_poll,position,1044.0,,,,,100.0,500.0,,,
RoboPack-1,position_poll,position,1045.0,,,,,200.0,500.0,,,
RoboPack-1,position_poll,position,1046.0,,,,,300.0,500.0,,,
RoboPack-1,position_poll,position,1047.0,,,,,300.0,400.0,,,
RoboPack-1,queue,pickup_1,1047.0,,,,,300.0,300.0,,1.0,
RoboPack-1,position_poll,position,1048.0,,,,,300.0,300.0,,,
RoboPack-1,position_poll,position,1049.0,,,,,300.0,300.0,,,
RoboPack-1,position_poll,position,1050.0,,,,,300.0,300.0,,,
RoboPack-1,position_poll,position,1051.0,,,,,300.0,300.0,,,
RoboPack-1,queue,packing,1052.0,,,,,300.0,300.0,,,
RoboPack-1,position_poll,position,1052.0,,,,,300.0,300.0,,,
RoboPack-1,position_poll,position,1053.0,,,,,300.0,300.0,,,
RoboPack-1,position_poll,position,1054.0,,,,,300.0,300.0,,,
RoboPack-1,position_poll,position,1055.0,,,,,300.0,300.0,,,
RoboPack-1,position_poll,position,1056.0,,,,,300.0,300.0,,,
RoboPack-1,position_poll,position,1057.0,,,,,300.0,300.0,,,
RoboPack-1,position_poll,position,1058.0,,,,,300.0,300.0,,,
RoboPack-1,position_poll,position,1059.0,,,,,300.0,300.0,,,
RoboPack-1,position_poll,position,1060.0,,,,,400.0,300.0,,,
RoboPack-1,position_poll,position,1061.0,,,,,400.0,400.0,,,
RoboPack-1,position_poll,position,1062.0,,,,,400.0,500.0,,,
RoboPack-1,action,picked_up_3_packages,1062.0,,,,,400.0,500.0,pickup_3,,
RoboPack-1,position_poll,position,1063.0,,,,,400.0,500.0,,,
RoboPack-1,position_poll,position,1064.0,,,,,300.0,500.0,,,
RoboPack-1,position_poll,position,1065.0,,,,,300.0,400.0,,,
RoboPack-1,queue,pickup_3,1065.0,,,,,300.0,300.0,,3.0,
RoboPack-1,position_poll,position,1066.0,,,,,300.0,300.0,,,
RoboPack-1,position_poll,position,1067.0,,,,,300.0,300.0,,,
RoboPack-1,position_poll,position,1068.0,,,,,300.0,300.0,,,
RoboPack-1,position_poll,position,1069.0,,,,,300.0,300.0,,,
RoboPack-1,position_poll,position,1070.0,,,,,300.0,300.0,,,
RoboPack-1,position_poll,position,1071.0,,,,,300.0,300.0,,,
RoboPack-1,position_poll,position,1072.0,,,,,300.0,300.0,,,
RoboPack-1,position_poll,position,1073.0,,,,,300.0,300.0,,,
RoboPack-1,position_poll,position,1074.0,,,,,300.0,300.0,,,
RoboPack-1,position_poll,position,1075.0,,,,,300.0,300.0,,,
RoboPack-1,position_poll,position,1076.0,,,,,300.0,300.0,,,
RoboPack-1,position_poll,position,1077.0,,,,,300.0,300.0,,,
RoboPack-1,position_poll,position,1078.0,,,,,300.0,300.0,,,
RoboPack-1,position_poll,position,1079.0,,,,,300.0,300.0,,,
RoboPack-1,queue,packing,1080.0,,,,,300.0,300.0,,,
RoboPack-1,position_poll,position,1080.0,,,,,300.0,300.0,,,
RoboPack-1,position_poll,position,1081.0,,,,,300.0,300.0,,,
RoboPack-1,position_poll,position,1082.0,,,,,300.0,300.0,,,
RoboPack-1,position_poll,position,1083.0,,,,,300.0,300.0,,,
RoboPack-1,position_poll,position,1084.0,,,,,300.0,300.0,,,
RoboPack-1,position_poll,position,1085.0,,,,,300.0,300.0,,,
RoboPack-1,position_poll,position,1086.0,,,,,300.0,300.0,,,
RoboPack-1,position_poll,position,1087.0,,,,,300.0,300.0,,,
RoboPack-1,position_poll,position,1088.0,,,,,200.0,300.0,,,
RoboPack-1,position_poll,position,1089.0,,,,,100.0,300.0,,,
RoboPack-1,position_poll,position,1090.0,,,,,0.0,300.0,,,
RoboPack-1,position_poll,position,1091.0,,,,,0.0,200.0,,,
RoboPack-1,position_poll,position,1092.0,,,,,0.0,100.0,,,
RoboPack-1,action,picked_up_3_packages,1092.0,,,,,0.0,100.0,pickup_5,,
RoboPack-1,position_poll,position,1093.0,,,,,0.0,100.0,,,
RoboPack-1,position_poll,position,1094.0,,,,,100.0,100.0,,,
RoboPack-1,position_poll,position,1095.0,,,,,200.0,100.0,,,
RoboPack-1,position_poll,position,1096.0,,,,,300.0,100.0,,,
RoboPack-1,position_poll,position,1097.0,,,,,300.0,200.0,,,
RoboPack-1,queue,pickup_5,1097.0,,,,,300.0,300.0,,3.0,
RoboPack-1,position_poll,position,1098.0,,,,,300.0,300.0,,,
RoboPack-1,position_poll,position,1099.0,,,,,300.0,300.0,,,
RoboPack-1,position_poll,position,1100.0,,,,,300.0,300.0,,,
RoboPack-1,position_poll,position,1101.0,,,,,300.0,300.0,,,
RoboPack-1,position_poll,position,1102.0,,,,,300.0,300.0,,,
RoboPack-1,position_poll,position,1103.0,,,,,300.0,300.0,,,
RoboPack-1,position_poll,position,1104.0,,,,,300.0,300.0,,,
RoboPack-1,position_poll,position,1105.0,,,,,300.0,300.0,,,
RoboPack-1,position_poll,position,1106.0,,,,,300.0,300.0,,,
RoboPack-1,position_poll,position,1107.0,,,,,300.0,300.0,,,
RoboPack-1,position_poll,position,1108.0,,,,,300.0,300.0,,,
RoboPack-1,position_poll,position,1109.0,,,,,300.0,300.0,,,
RoboPack-1,position_poll,position,1110.0,,,,,300.0,300.0,,,
RoboPack-1,position_poll,position,1111.0,,,,,300.0,300.0,,,
RoboPack-1,position_poll,position,1112.0,,,,,300.0,300.0,,,
RoboPack-1,position_poll,position,1113.0,,,,,400.0,300.0,,,
RoboPack-1,position_poll,position,1114.0,,,,,500.0,300.0,,,
RoboPack-1,position_poll,position,1115.0,,,,,600.0,300.0,,,
RoboPack-1,queue,maintenance,1115.0,,,,,600.0,300.0,,,4.0
RoboPack-1,position_poll,position,1116.0,,,,,600.0,300.0,,,
RoboPack-1,position_poll,position,1117.0,,,,,600.0,300.0,,,
RoboPack-1,position_poll,position,1118.0,,,,,600.0,300.0,,,
RoboPack-1,position_poll,position,1119.0,,,,,600.0,300.0,,,
RoboPack-1,position_poll,position,1120.0,,,,,500.0,300.0,,,
RoboPack-1,position_poll,position,1121.0,,,,,400.0,300.0,,,
RoboPack-1,position_poll,position,1122.0,,,,,300.0,300.0,,,
RoboPack-1,queue,packing,1122.0,,,,,300.0,300.0,,,
RoboPack-1,position_poll,position,1123.0,,,,,300.0,300.0,,,
RoboPack-1,position_poll,position,1124.0,,,,,300.0,300.0,,,
RoboPack-1,position_poll,position,1125.0,,,,,300.0,300.0,,,
RoboPack-1,position_poll,position,1126.0,,,,,300.0,300.0,,,
RoboPack-1,position_poll,position,1127.0,,,,,300.0,300.0,,,
RoboPack-1,position_poll,position,1128.0,,,,,300.0,300.0,,,
RoboPack-1,position_poll,position,1129.0,,,,,200.0,300.0,,,
RoboPack-1,position_poll,position,1130.0,,,,,100.0,300.0,,,
RoboPack-1,position_poll,position,1131.0,,,,,0.0,300.0,,,
RoboPack-1,position_poll,position,1132.0,,,,,0.0,400.0,,,
RoboPack-1,position_poll,position,1133.0,,,,,0.0,500.0,,,
RoboPack-1,action,picked_up_3_packages,1133.0,,,,,0.0,500.0,pickup_1,,
RoboPack-1,position_poll,position,1134.0,,,,,0.0,500.0,,,
RoboPack-1,position_poll,position,1135.0,,,,,100.0,500.0,,,
RoboPack-1,position_poll,position,1136.0,,,,,200.0,500.0,,,
RoboPack-1,position_poll,position,1137.0,,,,,300.0,500.0,,,
RoboPack-1,position_poll,position,1138.0,,,,,300.0,400.0,,,
RoboPack-1,queue,pickup_1,1138.0,,,,,300.0,300.0,,3.0,
RoboPack-1,position_poll,position,1139.0,,,,,300.0,300.0,,,
RoboPack-1,position_poll,position,1140.0,,,,,300.0,300.0,,,
RoboPack-1,position_poll,position,1141.0,,,,,300.0,300.0,,,
RoboPack-1,position_poll,position,1142.0,,,,,300.0,300.0,,,
RoboPack-1,position_poll,position,1143.0,,,,,300.0,300.0,,,
RoboPack-1,position_poll,position,1144.0,,,,,300.0,300.0,,,
RoboPack-1,position_poll,position,1145.0,,,,,300.0,300.0,,,
RoboPack-1,position_poll,position,1146.0,,,,,300.0,300.0,,,
RoboPack-1,position_poll,position,1147.0,,,,,300.0,300.0,,,
RoboPack-1,position_poll,position,1148.0,,,,,300.0,300.0,,,
RoboPack-1,position_poll,position,1149.0,,,,,300.0,300.0,,,
RoboPack-1,position_poll,position,1150.0,,,,,300.0,300.0,,,
RoboPack-1,position_poll,position,1151.0,,,,,300.0,300.0,,,
RoboPack-1,position_poll,position,1152.0,,,,,300.0,300.0,,,
RoboPack-1,queue,packing,1153.0,,,,,300.0,300.0,,,
RoboPack-1,position_poll,position,1153.0,,,,,300.0,300.0,,,
RoboPack-1,position_poll,position,1154.0,,,,,300.0,300.0,,,
RoboPack-1,position_poll,position,1155.0,,,,,300.0,300.0,,,
RoboPack-1,position_poll,position,1156.0,,,,,300.0,300.0,,,
RoboPack-1,position_poll,position,1157.0,,,,,300.0,300.0,,,
RoboPack-1,position_poll,position,1158.0,,,,,400.0,300.0,,,
RoboPack-1,position_poll,position,1159.0,,,,,500.0,300.0,,,
RoboPack-1,position_poll,position,1160.0,,,,,600.0,300.0,,,
RoboPack-1,position_poll,position,1161.0,,,,,600.0,200.0,,,
RoboPack-1,position_poll,position,1162.0,,,,,600.0,100.0,,,
RoboPack-1,action,picked_up_5_packages,1162.0,,,,,600.0,100.0,pickup_8,,
RoboPack-1,position_poll,position,1163.0,,,,,600.0,100.0,,,
RoboPack-1,position_poll,position,1164.0,,,,,500.0,100.0,,,
RoboPack-1,position_poll,position,1165.0,,,,,400.0,100.0,,,
RoboPack-1,position_poll,position,1166.0,,,,,300.0,100.0,,,
RoboPack-1,position_poll,position,1167.0,,,,,300.0,200.0,,,
RoboPack-1,queue,pickup_8,1167.0,,,,,300.0,300.0,,5.0,
RoboPack-1,position_poll,position,1168.0,,,,,300.0,300.0,,,
RoboPack-1,position_poll,position,1169.0,,,,,300.0,300.0,,,
RoboPack-1,position_poll,position,1170.0,,,,,300.0,300.0,,,
RoboPack-1,position_poll,position,1171.0,,,,,300.0,300.0,,,
RoboPack-1,position_poll,position,1172.0,,,,,300.0,300.0,,,
RoboPack-1,position_poll,position,1173.0,,,,,300.0,300.0,,,
RoboPack-1,position_poll,position,1174.0,,,,,300.0,300.0,,,
RoboPack-1,position_poll,position,1175.0,,,,,300.0,300.0,,,
RoboPack-1,position_poll,position,1176.0,,,,,300.0,300.0,,,
RoboPack-1,position_poll,position,1177.0,,,,,300.0,300.0,,,
RoboPack-1,position_poll,position,1178.0,,,,,300.0,300.0,,,
RoboPack-1,position_poll,position,1179.0,,,,,300.0,300.0,,,
RoboPack-1,position_poll,position,1180.0,,,,,300.0,300.0,,,
RoboPack-1,position_poll,position,1181.0,,,,,300.0,300.0,,,
RoboPack-1,position_poll,position,1182.0,,,,,300.0,300.0,,,
RoboPack-1,position_poll,position,1183.0,,,,,300.0,300.0,,,
RoboPack-1,position_poll,position,1184.0,,,,,300.0,300.0,,,
RoboPack-1,position_poll,position,1185.0,,,,,300.0,300.0,,,
RoboPack-1,position_poll,position,1186.0,,,,,300.0,300.0,,,
RoboPack-1,position_poll,position,1187.0,,,,,300.0,300.0,,,
RoboPack-1,position_poll,position,1188.0,,,,,300.0,300.0,,,
RoboPack-1,position_poll,position,1189.0,,,,,300.0,300.0,,,
RoboPack-1,position_poll,position,1190.0,,,,,300.0,300.0,,,
RoboPack-1,position_poll,position,1191.0,,,,,300.0,300.0,,,
RoboPack-1,queue,packing,1192.0,,,,,300.0,300.0,,,
RoboPack-1,position_poll,position,1192.0,,,,,300.0,300.0,,,
RoboPack-1,position_poll,position,1193.0,,,,,300.0,300.0,,,
RoboPack-1,position_poll,position,1194.0,,,,,300.0,300.0,,,
RoboPack-1,position_poll,position,1195.0,,,,,300.0,300.0,,,
RoboPack-1,position_poll,position,1196.0,,,,,300.0,300.0,,,
RoboPack-1,position_poll,position,1197.0,,,,,300.0,300.0,,,
RoboPack-1,position_poll,position,1198.0,,,,,300.0,300.0,,,
RoboPack-1,position_poll,position,1199.0,,,,,300.0,300.0,,,
RoboPack-1,position_poll,position,1200.0,,,,,300.0,300.0,,,
RoboPack-1,position_poll,position,1201.0,,,,,400.0,300.0,,,
RoboPack-1,position_poll,position,1202.0,,,,,500.0,300.0,,,
RoboPack-1,position_poll,position,1203.0,,,,,600.0,300.0,,,
RoboPack-1,position_poll,position,1204.0,,,,,600.0,200.0,,,
RoboPack-1,position_poll,position,1205.0,,,,,600.0,100.0,,,
RoboPack-1,action,picked_up_5_packages,1205.0,,,,,600.0,100.0,pickup_8,,
RoboPack-1,position_poll,position,1206.0,,,,,600.0,100.0,,,
RoboPack-1,position_poll,position,1207.0,,,,,500.0,100.0,,,
RoboPack-1,position_poll,position,1208.0,,,,,400.0,100.0,,,
RoboPack-1,position_poll,position,1209.0,,,,,300.0,100.0,,,
RoboPack-1,position_poll,position,1210.0,,,,,300.0,200.0,,,
RoboPack-1,queue,pickup_8,1210.0,,,,,300.0,300.0,,5.0,
RoboPack-1,position_poll,position,1211.0,,,,,300.0,300.0,,,
RoboPack-1,position_poll,position,1212.0,,,,,300.0,300.0,,,
RoboPack-1,position_poll,position,1213.0,,,,,300.0,300.0,,,
RoboPack-1,position_poll,position,1214.0,,,,,300.0,300.0,,,
RoboPack-1,position_poll,position,1215.0,,,,,300.0,300.0,,,
RoboPack-1,position_poll,position,1216.0,,,,,300.0,300.0,,,
RoboPack-1,position_poll,position,1217.0,,,,,300.0,300.0,,,
RoboPack-1,position_poll,position,1218.0,,,,,300.0,300.0,,,
RoboPack-1,position_poll,position,1219.0,,,,,300.0,300.0,,,
RoboPack-1,position_poll,position,1220.0,,,,,300.0,300.0,,,
RoboPack-1,position_poll,position,1221.0,,,,,300.0,300.0,,,
RoboPack-1,position_poll,position,1222.0,,,,,300.0,300.0,,,
RoboPack-1,position_poll,position,1223.0,,,,,300.0,300.0,,,
RoboPack-1,position_poll,position,1224.0,,,,,300.0,300.0,,,
RoboPack-1,position_poll,position,1225.0,,,,,300.0,300.0,,,
RoboPack-1,position_poll,position,1226.0,,,,,300.0,300.0,,,
RoboPack-1,position_poll,position,1227.0,,,,,300.0,300.0,,,
RoboPack-1,position_poll,position,1228.0,,,,,300.0,300.0,,,
RoboPack-1,position_poll,position,1229.0,,,,,300.0,300.0,,,
RoboPack-1,position_poll,position,1230.0,,,,,300.0,300.0,,,
RoboPack-1,position_poll,position,1231.0,,,,,300.0,300.0,,,
RoboPack-1,position_poll,position,1232.0,,,,,300.0,300.0,,,
RoboPack-1,position_poll,position,1233.0,,,,,300.0,300.0,,,
RoboPack-1,position_poll,position,1234.0,,,,,300.0,300.0,,,
RoboPack-1,queue,packing,1235.0,,,,,300.0,300.0,,,
RoboPack-1,position_poll,position,1235.0,,,,,300.0,300.0,,,
RoboPack-1,position_poll,position,1236.0,,,,,300.0,300.0,,,
RoboPack-1,position_poll,position,1237.0,,,,,300.0,300.0,,,
RoboPack-1,position_poll,position,1238.0,,,,,300.0,300.0,,,
RoboPack-1,position_poll,position,1239.0,,,,,300.0,300.0,,,
RoboPack-1,position_poll,position,1240.0,,,,,300.0,300.0,,,
RoboPack-1,position_poll,position,1241.0,,,,,300.0,300.0,,,
RoboPack-1,position_poll,position,1242.0,,,,,200.0,300.0,,,
RoboPack-1,position_poll,position,1243.0,,,,,200.0,400.0,,,
RoboPack-1,position_poll,position,1244.0,,,,,200.0,500.0,,,
RoboPack-1,action,picked_up_4_packages,1244.0,,,,,200.0,500.0,pickup_2,,
RoboPack-1,position_poll,position,1245.0,,,,,200.0,500.0,,,
RoboPack-1,position_poll,position,1246.0,,,,,300.0,500.0,,,
RoboPack-1,position_poll,position,1247.0,,,,,300.0,400.0,,,
RoboPack-1,queue,pickup_2,1247.0,,,,,300.0,300.0,,4.0,
RoboPack-1,position_poll,position,1248.0,,,,,300.0,300.0,,,
RoboPack-1,position_poll,position,1249.0,,,,,300.0,300.0,,,
RoboPack-1,position_poll,position,1250.0,,,,,300.0,300.0,,,
RoboPack-1,position_poll,position,1251.0,,,,,300.0,300.0,,,
RoboPack-1,position_poll,position,1252.0,,,,,300.0,300.0,,,
RoboPack-1,position_poll,position,1253.0,,,,,300.0,300.0,,,
RoboPack-1,position_poll,position,1254.0,,,,,300.0,300.0,,,
RoboPack-1,position_poll,position,1255.0,,,,,300.0,300.0,,,
RoboPack-1,position_poll,position,1256.0,,,,,300.0,300.0,,,
RoboPack-1,position_poll,position,1257.0,,,,,300.0,300.0,,,
RoboPack-1,position_poll,position,1258.0,,,,,300.0,300.0,,,
RoboPack-1,position_poll,position,1259.0,,,,,300.0,300.0,,,
RoboPack-1,position_poll,position,1260.0,,,,,300.0,300.0,,,
RoboPack-1,position_poll,position,1261.0,,,,,300.0,300.0,,,
RoboPack-1,position_poll,position,1262.0,,,,,300.0,300.0,,,
RoboPack-1,position_poll,position,1263.0,,,,,300.0,300.0,,,
RoboPack-1,position_poll,position,1264.0,,,,,300.0,300.0,,,
RoboPack-1,position_poll,position,1265.0,,,,,300.0,300.0,,,
RoboPack-1,position_poll,position,1266.0,,,,,300.0,300.0,,,
RoboPack-1,position_poll,position,1267.0,,,,,300.0,300.0,,,
RoboPack-1,position_poll,position,1268.0,,,,,400.0,300.0,,,
RoboPack-1,position_poll,position,1269.0,,,,,500.0,300.0,,,
RoboPack-1,position_poll,position,1270.0,,,,,600.0,300.0,,,
RoboPack-1,queue,maintenance,1270.0,,,,,600.0,300.0,,,3.0
RoboPack-1,position_poll,position,1271.0,,,,,600.0,300.0,,,
RoboPack-1,position_poll,position,1272.0,,,,,600.0,300.0,,,
RoboPack-1,position_poll,position,1273.0,,,,,600.0,300.0,,,
RoboPack-1,position_poll,position,1274.0,,,,,500.0,300.0,,,
RoboPack-1,position_poll,position,1275.0,,,,,400.0,300.0,,,
RoboPack-1,position_poll,position,1276.0,,,,,300.0,300.0,,,
RoboPack-1,queue,packing,1276.0,,,,,300.0,300.0,,,
RoboPack-1,position_poll,position,1277.0,,,,,300.0,300.0,,,
RoboPack-1,position_poll,position,1278.0,,,,,300.0,300.0,,,
RoboPack-1,position_poll,position,1279.0,,,,,300.0,300.0,,,
RoboPack-1,position_poll,position,1280.0,,,,,300.0,300.0,,,
RoboPack-1,position_poll,position,1281.0,,,,,300.0,300.0,,,
RoboPack-1,position_poll,position,1282.0,,,,,300.0,300.0,,,
RoboPack-1,position_poll,position,1283.0,,,,,400.0,300.0,,,
RoboPack-1,position_poll,position,1284.0,,,,,500.0,300.0,,,
RoboPack-1,position_poll,position,1285.0,,,,,600.0,300.0,,,
RoboPack-1,position_poll,position,1286.0,,,,,600.0,200.0,,,
RoboPack-1,position_poll,position,1287.0,,,,,600.0,100.0,,,
RoboPack-1,action,picked_up_4_packages,1287.0,,,,,600.0,100.0,pickup_8,,
RoboPack-1,position_poll,position,1288.0,,,,,600.0,100.0,,,
RoboPack-1,position_poll,position,1289.0,,,,,500.0,100.0,,,
RoboPack-1,position_poll,position,1290.0,,,,,400.0,100.0,,,
RoboPack-1,position_poll,position,1291.0,,,,,300.0,100.0,,,
RoboPack-1,position_poll,position,1292.0,,,,,300.0,200.0,,,
RoboPack-1,queue,pickup_8,1292.0,,,,,300.0,300.0,,4.0,
RoboPack-1,position_poll,position,1293.0,,,,,300.0,300.0,,,
RoboPack-1,position_poll,position,1294.0,,,,,300.0,300.0,,,
RoboPack-1,position_poll,position,1295.0,,,,,300.0,300.0,,,
RoboPack-1,position_poll,position,1296.0,,,,,300.0,300.0,,,
RoboPack-1,position_poll,position,1297.0,,,,,300.0,300.0,,,
RoboPack-1,position_poll,position,1298.0,,,,,300.0,300.0,,,
RoboPack-1,position_poll,position,1299.0,,,,,300.0,300.0,,,
RoboPack-1,position_poll,position,1300.0,,,,,300.0,300.0,,,
RoboPack-1,position_poll,position,1301.0,,,,,300.0,300.0,,,
RoboPack-1,position_poll,position,1302.0,,,,,300.0,300.0,,,
RoboPack-1,position_poll,position,1303.0,,,,,300.0,300.0,,,
RoboPack-1,position_poll,position,1304.0,,,,,300.0,300.0,,,
RoboPack-1,position_poll,position,1305.0,,,,,300.0,300.0,,,
RoboPack-1,position_poll,position,1306.0,,,,,300.0,300.0,,,
RoboPack-1,position_poll,position,1307.0,,,,,300.0,300.0,,,
RoboPack-1,position_poll,position,1308.0,,,,,300.0,300.0,,,
RoboPack-1,position_poll,position,1309.0,,,,,300.0,300.0,,,
RoboPack-1,position_poll,position,1310.0,,,,,300.0,300.0,,,
RoboPack-1,position_poll,position,1311.0,,,,,300.0,300.0,,,
RoboPack-1,queue,packing,1312.0,,,,,300.0,300.0,,,
RoboPack-1,position_poll,position,1312.0,,,,,300.0,300.0,,,
RoboPack-1,position_poll,position,1313.0,,,,,300.0,300.0,,,
RoboPack-1,position_poll,position,1314.0,,,,,300.0,300.0,,,
RoboPack-1,position_poll,position,1315.0,,,,,300.0,300.0,,,
RoboPack-1,position_poll,position,1316.0,,,,,300.0,300.0,,,
RoboPack-1,position_poll,position,1317.0,,,,,300.0,300.0,,,
RoboPack-1,position_poll,position,1318.0,,,,,300.0,300.0,,,
RoboPack-1,position_poll,position,1319.0,,,,,400.0,300.0,,,
RoboPack-1,position_poll,position,1320.0,,,,,400.0,400.0,,,
RoboPack-1,position_poll,position,1321.0,,,,,400.0,500.0,,,
RoboPack-1,action,picked_up_3_packages,1321.0,,,,,400.0,500.0,pickup_3,,
RoboPack-1,position_poll,position,1322.0,,,,,400.0,500.0,,,
RoboPack-1,position_poll,position,1323.0,,,,,300.0,500.0,,,
RoboPack-1,position_poll,position,1324.0,,,,,300.0,400.0,,,
RoboPack-1,queue,pickup_3,1324.0,,,,,300.0,300.0,,3.0,
RoboPack-1,position_poll,position,1325.0,,,,,300.0,300.0,,,
RoboPack-1,position_poll,position,1326.0,,,,,300.0,300.0,,,
RoboPack-1,position_poll,position,1327.0,,,,,300.0,300.0,,,
RoboPack-1,position_poll,position,1328.0,,,,,300.0,300.0,,,
RoboPack-1,position_poll,position,1329.0,,,,,300.0,300.0,,,
RoboPack-1,position_poll,position,1330.0,,,,,300.0,300.0,,,
RoboPack-1,position_poll,position,1331.0,,,,,300.0,300.0,,,
RoboPack-1,position_poll,position,1332.0,,,,,300.0,300.0,,,
RoboPack-1,position_poll,position,1333.0,,,,,300.0,300.0,,,
RoboPack-1,position_poll,position,1334.0,,,,,300.0,300.0,,,
RoboPack-1,position_poll,position,1335.0,,,,,300.0,300.0,,,
RoboPack-1,position_poll,position,1336.0,,,,,300.0,300.0,,,
RoboPack-1,position_poll,position,1337.0,,,,,300.0,300.0,,,
RoboPack-1,position_poll,position,1338.0,,,,,300.0,300.0,,,
RoboPack-1,queue,packing,1339.0,,,,,300.0,300.0,,,
RoboPack-1,position_poll,position,1339.0,,,,,300.0,300.0,,,
RoboPack-1,position_poll,position,1340.0,,,,,300.0,300.0,,,
RoboPack-1,position_poll,position,1341.0,,,,,300.0,300.0,,,
RoboPack-1,position_poll,position,1342.0,,,,,300.0,300.0,,,
RoboPack-1,position_poll,position,1343.0,,,,,300.0,300.0,,,
RoboPack-1,position_poll,position,1344.0,,,,,300.0,300.0,,,
RoboPack-1,position_poll,position,1345.0,,,,,300.0,300.0,,,
RoboPack-1,position_poll,position,1346.0,,,,,300.0,300.0,,,
RoboPack-1,position_poll,position,1347.0,,,,,300.0,300.0,,,
RoboPack-1,position_poll,position,1348.0,,,,,200.0,300.0,,,
RoboPack-1,position_poll,position,1349.0,,,,,100.0,300.0,,,
RoboPack-1,position_poll,position,1350.0,,,,,0.0,300.0,,,
RoboPack-1,position_poll,position,1351.0,,,,,0.0,400.0,,,
RoboPack-1,position_poll,position,1352.0,,,,,0.0,500.0,,,
RoboPack-1,action,picked_up_5_packages,1352.0,,,,,0.0,500.0,pickup_1,,
RoboPack-1,position_poll,position,1353.0,,,,,0.0,500.0,,,
RoboPack-1,position_poll,position,1354.0,,,,,100.0,500.0,,,
RoboPack-1,position_poll,position,1355.0,,,,,200.0,500.0,,,
RoboPack-1,position_poll,position,1356.0,,,,,300.0,500.0,,,
RoboPack-1,position_poll,position,1357.0,,,,,300.0,400.0,,,
RoboPack-1,queue,pickup_1,1357.0,,,,,300.0,300.0,,5.0,
RoboPack-1,position_poll,position,1358.0,,,,,300.0,300.0,,,
RoboPack-1,position_poll,position,1359.0,,,,,300.0,300.0,,,
RoboPack-1,position_poll,position,1360.0,,,,,300.0,300.0,,,
RoboPack-1,position_poll,position,1361.0,,,,,300.0,300.0,,,
RoboPack-1,position_poll,position,1362.0,,,,,300.0,300.0,,,
RoboPack-1,position_poll,position,1363.0,,,,,300.0,300.0,,,
RoboPack-1,position_poll,position,1364.0,,,,,300.0,300.0,,,
RoboPack-1,position_poll,position,1365.0,,,,,300.0,300.0,,,
RoboPack-1,position_poll,position,1366.0,,,,,300.0,300.0,,,
RoboPack-1,position_poll,position,1367.0,,,,,300.0,300.0,,,
RoboPack-1,position_poll,position,1368.0,,,,,300.0,300.0,,,
RoboPack-1,position_poll,position,1369.0,,,,,300.0,300.0,,,
RoboPack-1,position_poll,position,1370.0,,,,,300.0,300.0,,,
RoboPack-1,position_poll,position,1371.0,,,,,300.0,300.0,,,
RoboPack-1,position_poll,position,1372.0,,,,,300.0,300.0,,,
RoboPack-1,position_poll,position,1373.0,,,,,300.0,300.0,,,
RoboPack-1,position_poll,position,1374.0,,,,,300.0,300.0,,,
RoboPack-1,position_poll,position,1375.0,,,,,300.0,300.0,,,
RoboPack-1,position_poll,position,1376.0,,,,,300.0,300.0,,,
RoboPack-1,position_poll,position,1377.0,,,,,300.0,300.0,,,
RoboPack-1,position_poll,position,1378.0,,,,,300.0,300.0,,,
RoboPack-1,position_poll,position,1379.0,,,,,300.0,300.0,,,
RoboPack-1,position_poll,position,1380.0,,,,,300.0,300.0,,,
RoboPack-1,position_poll,position,1381.0,,,,,300.0,300.0,,,
RoboPack-1,position_poll,position,1382.0,,,,,300.0,300.0,,,
RoboPack-1,position_poll,position,1383.0,,,,,400.0,300.0,,,
RoboPack-1,position_poll,position,1384.0,,,,,500.0,300.0,,,
RoboPack-1,position_poll,position,1385.0,,,,,600.0,300.0,,,
RoboPack-1,queue,maintenance,1385.0,,,,,600.0,300.0,,,4.0
RoboPack-1,position_poll,position,1386.0,,,,,600.0,300.0,,,
RoboPack-1,position_poll,position,1387.0,,,,,600.0,300.0,,,
RoboPack-1,position_poll,position,1388.0,,,,,600.0,300.0,,,
RoboPack-1,position_poll,position,1389.0,,,,,600.0,300.0,,,
RoboPack-1,position_poll,position,1390.0,,,,,500.0,300.0,,,
RoboPack-1,position_poll,position,1391.0,,,,,400.0,300.0,,,
RoboPack-1,position_poll,position,1392.0,,,,,300.0,300.0,,,
RoboPack-1,queue,packing,1392.0,,,,,300.0,300.0,,,
RoboPack-1,position_poll,position,1393.0,,,,,300.0,300.0,,,
RoboPack-1,position_poll,position,1394.0,,,,,300.0,300.0,,,
RoboPack-1,position_poll,position,1395.0,,,,,300.0,300.0,,,
RoboPack-1,position_poll,position,1396.0,,,,,300.0,300.0,,,
RoboPack-1,position_poll,position,1397.0,,,,,300.0,300.0,,,
RoboPack-1,position_poll,position,1398.0,,,,,300.0,300.0,,,
RoboPack-1,position_poll,position,1399.0,,,,,300.0,300.0,,,
RoboPack-1,position_poll,position,1400.0,,,,,300.0,300.0,,,
RoboPack-1,position_poll,position,1401.0,,,,,200.0,300.0,,,
RoboPack-1,position_poll,position,1402.0,,,,,100.0,300.0,,,
RoboPack-1,position_poll,position,1403.0,,,,,0.0,300.0,,,
RoboPack-1,position_poll,position,1404.0,,,,,0.0,200.0,,,
RoboPack-1,position_poll,position,1405.0,,,,,0.0,100.0,,,
RoboPack-1,action,picked_up_2_packages,1405.0,,,,,0.0,100.0,pickup_5,,
RoboPack-1,position_poll,position,1406.0,,,,,0.0,100.0,,,
RoboPack-1,position_poll,position,1407.0,,,,,100.0,100.0,,,
RoboPack-1,position_poll,position,1408.0,,,,,200.0,100.0,,,
RoboPack-1,position_poll,position,1409.0,,,,,300.0,100.0,,,
RoboPack-1,position_poll,position,1410.0,,,,,300.0,200.0,,,
RoboPack-1,queue,pickup_5,1410.0,,,,,300.0,300.0,,2.0,
RoboPack-1,position_poll,position,1411.0,,,,,300.0,300.0,,,
RoboPack-1,position_poll,position,1412.0,,,,,300.0,300.0,,,
RoboPack-1,position_poll,position,1413.0,,,,,300.0,300.0,,,
RoboPack-1,position_poll,position,1414.0,,,,,300.0,300.0,,,
RoboPack-1,position_poll,position,1415.0,,,,,300.0,300.0,,,
RoboPack-1,position_poll,position,1416.0,,,,,300.0,300.0,,,
RoboPack-1,position_poll,position,1417.0,,,,,300.0,300.0,,,
RoboPack-1,position_poll,position,1418.0,,,,,300.0,300.0,,,
RoboPack-1,position_poll,position,1419.0,,,,,300.0,300.0,,,
RoboPack-1,queue,packing,1420.0,,,,,300.0,300.0,,,
RoboPack-1,position_poll,position,1420.0,,,,,300.0,300.0,,,
RoboPack-1,position_poll,position,1421.0,,,,,300.0,300.0,,,
RoboPack-1,position_poll,position,1422.0,,,,,300.0,300.0,,,
RoboPack-1,position_poll,position,1423.0,,,,,300.0,300.0,,,
RoboPack-1,position_poll,position,1424.0,,,,,300.0,300.0,,,
RoboPack-1,position_poll,position,1425.0,,,,,300.0,300.0,,,
RoboPack-1,position_poll,position,1426.0,,,,,300.0,300.0,,,
RoboPack-1,position_poll,position,1427.0,,,,,300.0,300.0,,,
RoboPack-1,position_poll,position,1428.0,,,,,200.0,300.0,,,
RoboPack-1,position_poll,position,1429.0,,,,,200.0,400.0,,,
RoboPack-1,position_poll,position,1430.0,,,,,200.0,500.0,,,
RoboPack-1,action,picked_up_4_packages,1430.0,,,,,200.0,500.0,pickup_2,,
RoboPack-1,position_poll,position,1431.0,,,,,200.0,500.0,,,
RoboPack-1,position_poll,position,1432.0,,,,,300.0,500.0,,,
RoboPack-1,position_poll,position,1433.0,,,,,300.0,400.0,,,
RoboPack-1,queue,pickup_2,1433.0,,,,,300.0,300.0,,4.0,
RoboPack-1,position_poll,position,1434.0,,,,,300.0,300.0,,,
RoboPack-1,position_poll,position,1435.0,,,,,300.0,300.0,,,
RoboPack-1,position_poll,position,1436.0,,,,,300.0,300.0,,,
RoboPack-1,position_poll,position,1437.0,,,,,300.0,300.0,,,
RoboPack-1,position_poll,position,1438.0,,,,,300.0,300.0,,,
RoboPack-1,position_poll,position,1439.0,,,,,300.0,300.0,,,
RoboPack-1,arrival_departure,depart,1440.0,,,,,300.0,300.0,,,
