entity_id,event_type,event,time,pathway,run_number,timestamp,resource_id,value,fuel_level_start,fuel_level_end
parameter,parameter,tank_size,0.0,,,,,400.0,,
StationTank,fuel_level_change,fuel_level_change,0.0,,,,,400.0,,
StationTank,fuel_level_change,fuel_level_change,60.0,,,,,400.0,,
Car 0,arrival_departure,arrival,87.0,,,,,,,
Car 0,queue,pump_queue_wait_begins,87.0,,,,,,13.0,50.0
Car 0,resource_use,payment_begins,87.0,,,,1.0,,13.0,50.0
StationTank,fuel_level_change,fuel_level_change,120.0,,,,,400.0,,
Car 1,arrival_departure,arrival,129.0,,,,,,,
Car 1,queue,pump_queue_wait_begins,129.0,,,,,,9.0,50.0
Car 1,resource_use,payment_begins,129.0,,,,2.0,,9.0,50.0
Car 0,resource_use,payment_ends,132.0,,,,1.0,,13.0,50.0
Car 0,resource_use,pumping_begins,132.0,,,,1.0,,13.0,50.0
Car 0,resource_use_end,pumping_ends,150.5,,,,1.0,,13.0,50.0
Car 0,arrival_departure,depart,150.5,,,,,,,
StationTank,fuel_level_change,fuel_level_change,180.0,,,,,363.0,,
Car 1,resource_use,payment_ends,206.0,,,,2.0,,9.0,50.0
Car 1,resource_use,pumping_begins,206.0,,,,2.0,,9.0,50.0
Car 1,resource_use_end,pumping_ends,226.5,,,,2.0,,9.0,50.0
Car 1,arrival_departure,depart,226.5,,,,,,,
StationTank,fuel_level_change,fuel_level_change,240.0,,,,,322.0,,
Car 2,arrival_departure,arrival,273.0,,,,,,,
Car 2,queue,pump_queue_wait_begins,273.0,,,,,,22.0,50.0
Car 2,resource_use,payment_begins,273.0,,,,1.0,,22.0,50.0
StationTank,fuel_level_change,fuel_level_change,300.0,,,,,322.0,,
Car 2,resource_use,payment_ends,308.0,,,,1.0,,22.0,50.0
Car 2,resource_use,pumping_begins,308.0,,,,1.0,,22.0,50.0
Car 2,resource_use_end,pumping_ends,322.0,,,,1.0,,22.0,50.0
Car 2,arrival_departure,depart,322.0,,,,,,,
Car 3,arrival_departure,arrival,355.0,,,,,,,
Car 3,queue,pump_queue_wait_begins,355.0,,,,,,6.0,50.0
Car 3,resource_use,payment_begins,355.0,,,,2.0,,6.0,50.0
StationTank,fuel_level_change,fuel_level_change,360.0,,,,,294.0,,
Car 3,resource_use,payment_ends,386.0,,,,2.0,,6.0,50.0
Car 3,resource_use,pumping_begins,386.0,,,,2.0,,6.0,50.0
Car 3,resource_use_end,pumping_ends,408.0,,,,2.0,,6.0,50.0
Car 3,arrival_departure,depart,408.0,,,,,,,
StationTank,fuel_level_change,fuel_level_change,420.0,,,,,250.0,,
StationTank,fuel_level_change,fuel_level_change,480.0,,,,,250.0,,
StationTank,fuel_level_change,fuel_level_change,540.0,,,,,250.0,,
StationTank,fuel_level_change,fuel_level_change,600.0,,,,,250.0,,
Car 4,arrival_departure,arrival,601.0,,,,,,,
Car 4,queue,pump_queue_wait_begins,601.0,,,,,,11.0,50.0
Car 4,resource_use,payment_begins,601.0,,,,1.0,,11.0,50.0
Car 4,resource_use,payment_ends,645.0,,,,1.0,,11.0,50.0
Car 4,resource_use,pumping_begins,645.0,,,,1.0,,11.0,50.0
StationTank,fuel_level_change,fuel_level_change,660.0,,,,,211.0,,
Car 4,resource_use_end,pumping_ends,664.5,,,,1.0,,11.0,50.0
Car 4,arrival_departure,depart,664.5,,,,,,,
Car 5,arrival_departure,arrival,678.0,,,,,,,
Car 5,queue,pump_queue_wait_begins,678.0,,,,,,24.0,50.0
Car 5,resource_use,payment_begins,678.0,,,,2.0,,24.0,50.0
Car 5,resource_use,payment_ends,709.0,,,,2.0,,24.0,50.0
Car 5,resource_use,pumping_begins,709.0,,,,2.0,,24.0,50.0
StationTank,fuel_level_change,fuel_level_change,720.0,,,,,185.0,,
Car 5,resource_use_end,pumping_ends,722.0,,,,2.0,,24.0,50.0
Car 5,arrival_departure,depart,722.0,,,,,,,
StationTank,fuel_level_change,fuel_level_change,780.0,,,,,185.0,,
StationTank,fuel_level_change,fuel_level_change,840.0,,,,,185.0,,
StationTank,fuel_level_change,fuel_level_change,900.0,,,,,185.0,,
StationTank,fuel_level_change,fuel_level_change,960.0,,,,,185.0,,
Car 6,arrival_departure,arrival,966.0,,,,,,,
Car 6,queue,pump_queue_wait_begins,966.0,,,,,,25.0,50.0
Car 6,resource_use,payment_begins,966.0,,,,1.0,,25.0,50.0
StationTank,fuel_level_change,fuel_level_change,1020.0,,,,,185.0,,
Car 6,resource_use,payment_ends,1040.0,,,,1.0,,25.0,50.0
Car 6,resource_use,pumping_begins,1040.0,,,,1.0,,25.0,50.0
Car 6,resource_use_end,pumping_ends,1052.5,,,,1.0,,25.0,50.0
Car 6,arrival_departure,depart,1052.5,,,,,,,
StationTank,fuel_level_change,fuel_level_change,1080.0,,,,,160.0,,
Car 7,arrival_departure,arrival,1097.0,,,,,,,
Car 7,queue,pump_queue_wait_begins,1097.0,,,,,,12.0,50.0
Car 7,resource_use,payment_begins,1097.0,,,,2.0,,12.0,50.0
StationTank,fuel_level_change,fuel_level_change,1140.0,,,,,160.0,,
Car 7,resource_use,payment_ends,1155.0,,,,2.0,,12.0,50.0
Car 7,resource_use,pumping_begins,1155.0,,,,2.0,,12.0,50.0
Car 7,resource_use_end,pumping_ends,1174.0,,,,2.0,,12.0,50.0
Car 7,arrival_departure,depart,1174.0,,,,,,,
StationTank,fuel_level_change,fuel_level_change,1200.0,,,,,122.0,,
StationTank,fuel_level_change,fuel_level_change,1260.0,,,,,122.0,,
StationTank,fuel_level_change,fuel_level_change,1320.0,,,,,122.0,,
Car 8,arrival_departure,arrival,1341.0,,,,,,,
Car 8,queue,pump_queue_wait_begins,1341.0,,,,,,5.0,50.0
Car 8,resource_use,payment_begins,1341.0,,,,1.0,,5.0,50.0
StationTank,fuel_level_change,fuel_level_change,1380.0,,,,,122.0,,
Car 8,resource_use,payment_ends,1419.0,,,,1.0,,5.0,50.0
Car 8,resource_use,pumping_begins,1419.0,,,,1.0,,5.0,50.0
Call 0,arrival_departure,arrival,1420.0,,,,,,,
Call 0,queue,calling_truck,1420.0,,,,,,,
StationTank,fuel_level_change,fuel_level_change,1440.0,,,,,77.0,,
Car 8,resource_use_end,pumping_ends,1441.5,,,,1.0,,5.0,50.0
Car 8,arrival_departure,depart,1441.5,,,,,,,
StationTank,fuel_level_change,fuel_level_change,1500.0,,,,,77.0,,
Car 9,arrival_departure,arrival,1513.0,,,,,,,
Car 9,queue,pump_queue_wait_begins,1513.0,,,,,,18.0,50.0
Car 9,resource_use,payment_begins,1513.0,,,,2.0,,18.0,50.0
StationTank,fuel_level_change,fuel_level_change,1560.0,,,,,77.0,,
Car 9,resource_use,payment_ends,1564.0,,,,2.0,,18.0,50.0
Car 9,resource_use,pumping_begins,1564.0,,,,2.0,,18.0,50.0
Car 9,resource_use_end,pumping_ends,1580.0,,,,2.0,,18.0,50.0
Car 9,arrival_departure,depart,1580.0,,,,,,,
StationTank,fuel_level_change,fuel_level_change,1620.0,,,,,45.0,,
Car 10,arrival_departure,arrival,1624.0,,,,,,,
Car 10,queue,pump_queue_wait_begins,1624.0,,,,,,9.0,50.0
Car 10,resource_use,payment_begins,1624.0,,,,1.0,,9.0,50.0
Car 10,resource_use,payment_ends,1667.0,,,,1.0,,9.0,50.0
Car 10,resource_use,pumping_begins,1667.0,,,,1.0,,9.0,50.0
StationTank,fuel_level_change,fuel_level_change,1680.0,,,,,4.0,,
Car 10,resource_use_end,pumping_ends,1687.5,,,,1.0,,9.0,50.0
Car 10,arrival_departure,depart,1687.5,,,,,,,
Call 0,arrival_departure,depart,1720.0,,,,,,,
Truck 0,arrival_departure,arrival,1720.0,,,,,,,
Truck 0,queue,refueling,1720.0,,,,,,,
StationTank,fuel_level_change,fuel_level_change,1740.0,,,,,4.0,,
Car 11,arrival_departure,arrival,1796.0,,,,,,,
Car 11,queue,pump_queue_wait_begins,1796.0,,,,,,8.0,50.0
Car 11,resource_use,payment_begins,1796.0,,,,2.0,,8.0,50.0
StationTank,fuel_level_change,fuel_level_change,1800.0,,,,,4.0,,
Car 11,resource_use,payment_ends,1831.0,,,,2.0,,8.0,50.0
Car 11,resource_use,pumping_begins,1831.0,,,,2.0,,8.0,50.0
StationTank,fuel_level_change,fuel_level_change,1860.0,,,,,4.0,,
StationTank,fuel_level_change,fuel_level_change,1920.0,,,,,4.0,,
StationTank,fuel_level_change,fuel_level_change,1980.0,,,,,4.0,,
Car 12,arrival_departure,arrival,1998.0,,,,,,,
Car 12,queue,pump_queue_wait_begins,1998.0,,,,,,8.0,50.0
Car 12,resource_use,payment_begins,1998.0,,,,1.0,,8.0,50.0
StationTank,fuel_level_change,fuel_level_change,2040.0,,,,,4.0,,
Car 12,resource_use,payment_ends,2050.0,,,,1.0,,8.0,50.0
Car 12,resource_use,pumping_begins,2050.0,,,,1.0,,8.0,50.0
StationTank,fuel_level_change,fuel_level_change,2100.0,,,,,4.0,,
StationTank,fuel_level_change,fuel_level_change,2160.0,,,,,4.0,,
StationTank,fuel_level_change,fuel_level_change,2220.0,,,,,4.0,,
Car 13,arrival_departure,arrival,2222.0,,,,,,,
Car 13,queue,pump_queue_wait_begins,2222.0,,,,,,24.0,50.0
StationTank,fuel_level_change,fuel_level_change,2280.0,,,,,4.0,,
StationTank,fuel_level_change,fuel_level_change,2340.0,,,,,4.0,,
StationTank,fuel_level_change,fuel_level_change,2400.0,,,,,4.0,,
Car 14,arrival_departure,arrival,2428.0,,,,,,,
Car 14,queue,pump_queue_wait_begins,2428.0,,,,,,6.0,50.0
StationTank,fuel_level_change,fuel_level_change,2460.0,,,,,4.0,,
StationTank,fuel_level_change,fuel_level_change,2520.0,,,,,4.0,,
StationTank,fuel_level_change,fuel_level_change,2580.0,,,,,4.0,,
Car 15,arrival_departure,arrival,2593.0,,,,,,,
Car 15,queue,pump_queue_wait_begins,2593.0,,,,,,22.0,50.0
StationTank,fuel_level_change,fuel_level_change,2640.0,,,,,4.0,,
StationTank,fuel_level_change,fuel_level_change,2700.0,,,,,4.0,,
Truck 0,arrival_departure,depart,2720.0,,,,,,,
Car 11,resource_use_end,pumping_ends,2741.0,,,,2.0,,8.0,50.0
Car 11,arrival_departure,depart,2741.0,,,,,,,
Car 12,resource_use_end,pumping_ends,2741.0,,,,1.0,,8.0,50.0
Car 12,arrival_departure,depart,2741.0,,,,,,,
Car 13,resource_use,payment_begins,2741.0,,,,2.0,,24.0,50.0
Car 14,resource_use,payment_begins,2741.0,,,,1.0,,6.0,50.0
StationTank,fuel_level_change,fuel_level_change,2760.0,,,,,316.0,,
Car 13,resource_use,payment_ends,2778.0,,,,2.0,,24.0,50.0
Car 13,resource_use,pumping_begins,2778.0,,,,2.0,,24.0,50.0
Car 13,resource_use_end,pumping_ends,2791.0,,,,2.0,,24.0,50.0
Car 13,arrival_departure,depart,2791.0,,,,,,,
Car 15,resource_use,payment_begins,2791.0,,,,2.0,,22.0,50.0
StationTank,fuel_level_change,fuel_level_change,2820.0,,,,,290.0,,
Car 14,resource_use,payment_ends,2830.0,,,,1.0,,6.0,50.0
Car 14,resource_use,pumping_begins,2830.0,,,,1.0,,6.0,50.0
Car 15,resource_use,payment_ends,2845.0,,,,2.0,,22.0,50.0
Car 15,resource_use,pumping_begins,2845.0,,,,2.0,,22.0,50.0
Car 14,resource_use_end,pumping_ends,2852.0,,,,1.0,,6.0,50.0
Car 14,arrival_departure,depart,2852.0,,,,,,,
Car 16,arrival_departure,arrival,2858.0,,,,,,,
Car 16,queue,pump_queue_wait_begins,2858.0,,,,,,22.0,50.0
Car 16,resource_use,payment_begins,2858.0,,,,1.0,,22.0,50.0
Car 15,resource_use_end,pumping_ends,2859.0,,,,2.0,,22.0,50.0
Car 15,arrival_departure,depart,2859.0,,,,,,,
StationTank,fuel_level_change,fuel_level_change,2880.0,,,,,218.0,,
Car 16,resource_use,payment_ends,2906.0,,,,1.0,,22.0,50.0
Car 16,resource_use,pumping_begins,2906.0,,,,1.0,,22.0,50.0
Car 16,resource_use_end,pumping_ends,2920.0,,,,1.0,,22.0,50.0
Car 16,arrival_departure,depart,2920.0,,,,,,,
Car 17,arrival_departure,arrival,2928.0,,,,,,,
Car 17,queue,pump_queue_wait_begins,2928.0,,,,,,23.0,50.0
Car 17,resource_use,payment_begins,2928.0,,,,2.0,,23.0,50.0
StationTank,fuel_level_change,fuel_level_change,2940.0,,,,,190.0,,
Car 17,resource_use,payment_ends,2970.0,,,,2.0,,23.0,50.0
Car 17,resource_use,pumping_begins,2970.0,,,,2.0,,23.0,50.0
Car 17,resource_use_end,pumping_ends,2983.5,,,,2.0,,23.0,50.0
Car 17,arrival_departure,depart,2983.5,,,,,,,
StationTank,fuel_level_change,fuel_level_change,3000.0,,,,,163.0,,
StationTank,fuel_level_change,fuel_level_change,3060.0,,,,,163.0,,
StationTank,fuel_level_change,fuel_level_change,3120.0,,,,,163.0,,
Car 18,arrival_departure,arrival,3143.0,,,,,,,
Car 18,queue,pump_queue_wait_begins,3143.0,,,,,,6.0,50.0
Car 18,resource_use,payment_begins,3143.0,,,,1.0,,6.0,50.0
StationTank,fuel_level_change,fuel_level_change,3180.0,,,,,163.0,,
Car 19,arrival_departure,arrival,3208.0,,,,,,,
Car 19,queue,pump_queue_wait_begins,3208.0,,,,,,14.0,50.0
Car 19,resource_use,payment_begins,3208.0,,,,2.0,,14.0,50.0
Car 18,resource_use,payment_ends,3215.0,,,,1.0,,6.0,50.0
Car 18,resource_use,pumping_begins,3215.0,,,,1.0,,6.0,50.0
Car 18,resource_use_end,pumping_ends,3237.0,,,,1.0,,6.0,50.0
Car 18,arrival_departure,depart,3237.0,,,,,,,
StationTank,fuel_level_change,fuel_level_change,3240.0,,,,,119.0,,
Car 19,resource_use,payment_ends,3243.0,,,,2.0,,14.0,50.0
Car 19,resource_use,pumping_begins,3243.0,,,,2.0,,14.0,50.0
Call 1,arrival_departure,arrival,3250.0,,,,,,,
Call 1,queue,calling_truck,3250.0,,,,,,,
Car 19,resource_use_end,pumping_ends,3261.0,,,,2.0,,14.0,50.0
Car 19,arrival_departure,depart,3261.0,,,,,,,
StationTank,fuel_level_change,fuel_level_change,3300.0,,,,,83.0,,
Car 20,arrival_departure,arrival,3354.0,,,,,,,
Car 20,queue,pump_queue_wait_begins,3354.0,,,,,,8.0,50.0
Car 20,resource_use,payment_begins,3354.0,,,,1.0,,8.0,50.0
StationTank,fuel_level_change,fuel_level_change,3360.0,,,,,83.0,,
Car 20,resource_use,payment_ends,3408.0,,,,1.0,,8.0,50.0
Car 20,resource_use,pumping_begins,3408.0,,,,1.0,,8.0,50.0
StationTank,fuel_level_change,fuel_level_change,3420.0,,,,,41.0,,
Car 20,resource_use_end,pumping_ends,3429.0,,,,1.0,,8.0,50.0
Car 20,arrival_departure,depart,3429.0,,,,,,,
StationTank,fuel_level_change,fuel_level_change,3480.0,,,,,41.0,,
Car 21,arrival_departure,arrival,3503.0,,,,,,,
Car 21,queue,pump_queue_wait_begins,3503.0,,,,,,19.0,50.0
Car 21,resource_use,payment_begins,3503.0,,,,2.0,,19.0,50.0
StationTank,fuel_level_change,fuel_level_change,3540.0,,,,,41.0,,
Call 1,arrival_departure,depart,3550.0,,,,,,,
Truck 1,arrival_departure,arrival,3550.0,,,,,,,
Truck 1,queue,refueling,3550.0,,,,,,,
Car 21,resource_use,payment_ends,3573.0,,,,2.0,,19.0,50.0
Car 21,resource_use,pumping_begins,3573.0,,,,2.0,,19.0,50.0
Car 21,resource_use_end,pumping_ends,3588.5,,,,2.0,,19.0,50.0
Car 21,arrival_departure,depart,3588.5,,,,,,,
StationTank,fuel_level_change,fuel_level_change,3600.0,,,,,10.0,,
StationTank,fuel_level_change,fuel_level_change,3660.0,,,,,10.0,,
Car 22,arrival_departure,arrival,3675.0,,,,,,,
Car 22,queue,pump_queue_wait_begins,3675.0,,,,,,10.0,50.0
Car 22,resource_use,payment_begins,3675.0,,,,1.0,,10.0,50.0
StationTank,fuel_level_change,fuel_level_change,3720.0,,,,,10.0,,
Car 22,resource_use,payment_ends,3728.0,,,,1.0,,10.0,50.0
Car 22,resource_use,pumping_begins,3728.0,,,,1.0,,10.0,50.0
StationTank,fuel_level_change,fuel_level_change,3780.0,,,,,10.0,,
StationTank,fuel_level_change,fuel_level_change,3840.0,,,,,10.0,,
Car 23,arrival_departure,arrival,3891.0,,,,,,,
Car 23,queue,pump_queue_wait_begins,3891.0,,,,,,11.0,50.0
Car 23,resource_use,payment_begins,3891.0,,,,2.0,,11.0,50.0
StationTank,fuel_level_change,fuel_level_change,3900.0,,,,,10.0,,
StationTank,fuel_level_change,fuel_level_change,3960.0,,,,,10.0,,
Car 23,resource_use,payment_ends,3963.0,,,,2.0,,11.0,50.0
Car 23,resource_use,pumping_begins,3963.0,,,,2.0,,11.0,50.0
StationTank,fuel_level_change,fuel_level_change,4020.0,,,,,10.0,,
StationTank,fuel_level_change,fuel_level_change,4080.0,,,,,10.0,,
Car 24,arrival_departure,arrival,4102.0,,,,,,,
Car 24,queue,pump_queue_wait_begins,4102.0,,,,,,25.0,50.0
StationTank,fuel_level_change,fuel_level_change,4140.0,,,,,10.0,,
StationTank,fuel_level_change,fuel_level_change,4200.0,,,,,10.0,,
StationTank,fuel_level_change,fuel_level_change,4260.0,,,,,10.0,,
Car 25,arrival_departure,arrival,4268.0,,,,,,,
Car 25,queue,pump_queue_wait_begins,4268.0,,,,,,24.0,50.0
StationTank,fuel_level_change,fuel_level_change,4320.0,,,,,10.0,,
Car 26,arrival_departure,arrival,4334.0,,,,,,,
Car 26,queue,pump_queue_wait_begins,4334.0,,,,,,22.0,50.0
StationTank,fuel_level_change,fuel_level_change,4380.0,,,,,10.0,,
StationTank,fuel_level_change,fuel_level_change,4440.0,,,,,10.0,,
Car 27,arrival_departure,arrival,4451.0,,,,,,,
Car 27,queue,pump_queue_wait_begins,4451.0,,,,,,10.0,50.0
StationTank,fuel_level_change,fuel_level_change,4500.0,,,,,10.0,,
Truck 1,arrival_departure,depart,4550.0,,,,,,,
StationTank,fuel_level_change,fuel_level_change,4560.0,,,,,290.0,,
Car 23,resource_use_end,pumping_ends,4569.5,,,,2.0,,11.0,50.0
Car 23,arrival_departure,depart,4569.5,,,,,,,
Car 24,resource_use,payment_begins,4569.5,,,,2.0,,25.0,50.0
Car 22,resource_use_end,pumping_ends,4570.0,,,,1.0,,10.0,50.0
Car 22,arrival_departure,depart,4570.0,,,,,,,
Car 25,resource_use,payment_begins,4570.0,,,,1.0,,24.0,50.0
Car 28,arrival_departure,arrival,4606.0,,,,,,,
Car 28,queue,pump_queue_wait_begins,4606.0,,,,,,25.0,50.0
StationTank,fuel_level_change,fuel_level_change,4620.0,,,,,290.0,,
Car 25,resource_use,payment_ends,4624.0,,,,1.0,,24.0,50.0
Car 25,resource_use,pumping_begins,4624.0,,,,1.0,,24.0,50.0
Car 24,resource_use,payment_ends,4628.5,,,,2.0,,25.0,50.0
Car 24,resource_use,pumping_begins,4628.5,,,,2.0,,25.0,50.0
Car 25,resource_use_end,pumping_ends,4637.0,,,,1.0,,24.0,50.0
Car 25,arrival_departure,depart,4637.0,,,,,,,
Car 26,resource_use,payment_begins,4637.0,,,,1.0,,22.0,50.0
Car 24,resource_use_end,pumping_ends,4641.0,,,,2.0,,25.0,50.0
Car 24,arrival_departure,depart,4641.0,,,,,,,
Car 27,resource_use,payment_begins,4641.0,,,,2.0,,10.0,50.0
StationTank,fuel_level_change,fuel_level_change,4680.0,,,,,239.0,,
Car 27,resource_use,payment_ends,4706.0,,,,2.0,,10.0,50.0
Car 27,resource_use,pumping_begins,4706.0,,,,2.0,,10.0,50.0
Car 26,resource_use,payment_ends,4711.0,,,,1.0,,22.0,50.0
Car 26,resource_use,pumping_begins,4711.0,,,,1.0,,22.0,50.0
Car 26,resource_use_end,pumping_ends,4725.0,,,,1.0,,22.0,50.0
Car 26,arrival_departure,depart,4725.0,,,,,,,
Car 28,resource_use,payment_begins,4725.0,,,,1.0,,25.0,50.0
Car 27,resource_use_end,pumping_ends,4726.0,,,,2.0,,10.0,50.0
Car 27,arrival_departure,depart,4726.0,,,,,,,
StationTank,fuel_level_change,fuel_level_change,4740.0,,,,,171.0,,
Car 28,resource_use,payment_ends,4769.0,,,,1.0,,25.0,50.0
Car 28,resource_use,pumping_begins,4769.0,,,,1.0,,25.0,50.0
Car 29,arrival_departure,arrival,4774.0,,,,,,,
Car 29,queue,pump_queue_wait_begins,4774.0,,,,,,6.0,50.0
Car 29,resource_use,payment_begins,4774.0,,,,2.0,,6.0,50.0
Car 28,resource_use_end,pumping_ends,4781.5,,,,1.0,,25.0,50.0
Car 28,arrival_departure,depart,4781.5,,,,,,,
StationTank,fuel_level_change,fuel_level_change,4800.0,,,,,146.0,,
Car 29,resource_use,payment_ends,4818.0,,,,2.0,,6.0,50.0
Car 29,resource_use,pumping_begins,4818.0,,,,2.0,,6.0,50.0
Car 29,resource_use_end,pumping_ends,4840.0,,,,2.0,,6.0,50.0
Car 29,arrival_departure,depart,4840.0,,,,,,,
StationTank,fuel_level_change,fuel_level_change,4860.0,,,,,102.0,,
StationTank,fuel_level_change,fuel_level_change,4920.0,,,,,102.0,,
Car 30,arrival_departure,arrival,4970.0,,,,,,,
Car 30,queue,pump_queue_wait_begins,4970.0,,,,,,15.0,50.0
Car 30,resource_use,payment_begins,4970.0,,,,1.0,,15.0,50.0
StationTank,fuel_level_change,fuel_level_change,4980.0,,,,,102.0,,
Car 31,arrival_departure,arrival,5016.0,,,,,,,
Car 31,queue,pump_queue_wait_begins,5016.0,,,,,,7.0,50.0
Car 31,resource_use,payment_begins,5016.0,,,,2.0,,7.0,50.0
Car 30,resource_use,payment_ends,5025.0,,,,1.0,,15.0,50.0
Car 30,resource_use,pumping_begins,5025.0,,,,1.0,,15.0,50.0
Call 2,arrival_departure,arrival,5030.0,,,,,,,
Call 2,queue,calling_truck,5030.0,,,,,,,
StationTank,fuel_level_change,fuel_level_change,5040.0,,,,,67.0,,
Car 30,resource_use_end,pumping_ends,5042.5,,,,1.0,,15.0,50.0
Car 30,arrival_departure,depart,5042.5,,,,,,,
Car 31,resource_use,payment_ends,5059.0,,,,2.0,,7.0,50.0
Car 31,resource_use,pumping_begins,5059.0,,,,2.0,,7.0,50.0
Car 31,resource_use_end,pumping_ends,5080.5,,,,2.0,,7.0,50.0
Car 31,arrival_departure,depart,5080.5,,,,,,,
StationTank,fuel_level_change,fuel_level_change,5100.0,,,,,24.0,,
StationTank,fuel_level_change,fuel_level_change,5160.0,,,,,24.0,,
Car 32,arrival_departure,arrival,5183.0,,,,,,,
Car 32,queue,pump_queue_wait_begins,5183.0,,,,,,11.0,50.0
Car 32,resource_use,payment_begins,5183.0,,,,1.0,,11.0,50.0
StationTank,fuel_level_change,fuel_level_change,5220.0,,,,,24.0,,
Car 32,resource_use,payment_ends,5254.0,,,,1.0,,11.0,50.0
Car 32,resource_use,pumping_begins,5254.0,,,,1.0,,11.0,50.0
StationTank,fuel_level_change,fuel_level_change,5280.0,,,,,24.0,,
Call 2,arrival_departure,depart,5330.0,,,,,,,
Truck 2,arrival_departure,arrival,5330.0,,,,,,,
Truck 2,queue,refueling,5330.0,,,,,,,
StationTank,fuel_level_change,fuel_level_change,5340.0,,,,,24.0,,
Car 33,arrival_departure,arrival,5374.0,,,,,,,
Car 33,queue,pump_queue_wait_begins,5374.0,,,,,,17.0,50.0
Car 33,resource_use,payment_begins,5374.0,,,,2.0,,17.0,50.0
StationTank,fuel_level_change,fuel_level_change,5400.0,,,,,24.0,,
Car 33,resource_use,payment_ends,5460.0,,,,2.0,,17.0,50.0
Car 33,resource_use,pumping_begins,5460.0,,,,2.0,,17.0,50.0
StationTank,fuel_level_change,fuel_level_change,5460.0,,,,,24.0,,
StationTank,fuel_level_change,fuel_level_change,5520.0,,,,,24.0,,
StationTank,fuel_level_change,fuel_level_change,5580.0,,,,,24.0,,
StationTank,fuel_level_change,fuel_level_change,5640.0,,,,,24.0,,
Car 34,arrival_departure,arrival,5659.0,,,,,,,
Car 34,queue,pump_queue_wait_begins,5659.0,,,,,,9.0,50.0
StationTank,fuel_level_change,fuel_level_change,5700.0,,,,,24.0,,
StationTank,fuel_level_change,fuel_level_change,5760.0,,,,,24.0,,
StationTank,fuel_level_change,fuel_level_change,5820.0,,,,,24.0,,
StationTank,fuel_level_change,fuel_level_change,5880.0,,,,,24.0,,
Car 35,arrival_departure,arrival,5923.0,,,,,,,
Car 35,queue,pump_queue_wait_begins,5923.0,,,,,,9.0,50.0
StationTank,fuel_level_change,fuel_level_change,5940.0,,,,,24.0,,
StationTank,fuel_level_change,fuel_level_change,6000.0,,,,,24.0,,
StationTank,fuel_level_change,fuel_level_change,6060.0,,,,,24.0,,
Car 36,arrival_departure,arrival,6088.0,,,,,,,
Car 36,queue,pump_queue_wait_begins,6088.0,,,,,,22.0,50.0
StationTank,fuel_level_change,fuel_level_change,6120.0,,,,,24.0,,
StationTank,fuel_level_change,fuel_level_change,6180.0,,,,,24.0,,
StationTank,fuel_level_change,fuel_level_change,6240.0,,,,,24.0,,
Car 37,arrival_departure,arrival,6244.0,,,,,,,
Car 37,queue,pump_queue_wait_begins,6244.0,,,,,,23.0,50.0
StationTank,fuel_level_change,fuel_level_change,6300.0,,,,,24.0,,
Truck 2,arrival_departure,depart,6330.0,,,,,,,
Car 33,resource_use_end,pumping_ends,6346.5,,,,2.0,,17.0,50.0
Car 33,arrival_departure,depart,6346.5,,,,,,,
Car 34,resource_use,payment_begins,6346.5,,,,2.0,,9.0,50.0
Car 32,resource_use_end,pumping_ends,6349.5,,,,1.0,,11.0,50.0
Car 32,arrival_departure,depart,6349.5,,,,,,,
Car 35,resource_use,payment_begins,6349.5,,,,1.0,,9.0,50.0
StationTank,fuel_level_change,fuel_level_change,6360.0,,,,,328.0,,
Car 34,resource_use,payment_ends,6403.5,,,,2.0,,9.0,50.0
Car 34,resource_use,pumping_begins,6403.5,,,,2.0,,9.0,50.0
Car 38,arrival_departure,arrival,6408.0,,,,,,,
Car 38,queue,pump_queue_wait_begins,6408.0,,,,,,16.0,50.0
StationTank,fuel_level_change,fuel_level_change,6420.0,,,,,287.0,,
Car 34,resource_use_end,pumping_ends,6424.0,,,,2.0,,9.0,50.0
Car 34,arrival_departure,depart,6424.0,,,,,,,
Car 36,resource_use,payment_begins,6424.0,,,,2.0,,22.0,50.0
Car 35,resource_use,payment_ends,6436.5,,,,1.0,,9.0,50.0
Car 35,resource_use,pumping_begins,6436.5,,,,1.0,,9.0,50.0
Car 35,resource_use_end,pumping_ends,6457.0,,,,1.0,,9.0,50.0
Car 35,arrival_departure,depart,6457.0,,,,,,,
Car 37,resource_use,payment_begins,6457.0,,,,1.0,,23.0,50.0
Car 36,resource_use,payment_ends,6468.0,,,,2.0,,22.0,50.0
Car 36,resource_use,pumping_begins,6468.0,,,,2.0,,22.0,50.0
StationTank,fuel_level_change,fuel_level_change,6480.0,,,,,218.0,,
Car 36,resource_use_end,pumping_ends,6482.0,,,,2.0,,22.0,50.0
Car 36,arrival_departure,depart,6482.0,,,,,,,
Car 38,resource_use,payment_begins,6482.0,,,,2.0,,16.0,50.0
Car 37,resource_use,payment_ends,6495.0,,,,1.0,,23.0,50.0
Car 37,resource_use,pumping_begins,6495.0,,,,1.0,,23.0,50.0
Car 37,resource_use_end,pumping_ends,6508.5,,,,1.0,,23.0,50.0
Car 37,arrival_departure,depart,6508.5,,,,,,,
StationTank,fuel_level_change,fuel_level_change,6540.0,,,,,191.0,,
Car 38,resource_use,payment_ends,6544.0,,,,2.0,,16.0,50.0
Car 38,resource_use,pumping_begins,6544.0,,,,2.0,,16.0,50.0
Car 38,resource_use_end,pumping_ends,6561.0,,,,2.0,,16.0,50.0
Car 38,arrival_departure,depart,6561.0,,,,,,,
StationTank,fuel_level_change,fuel_level_change,6600.0,,,,,157.0,,
Car 39,arrival_departure,arrival,6642.0,,,,,,,
Car 39,queue,pump_queue_wait_begins,6642.0,,,,,,7.0,50.0
Car 39,resource_use,payment_begins,6642.0,,,,1.0,,7.0,50.0
StationTank,fuel_level_change,fuel_level_change,6660.0,,,,,157.0,,
Car 39,resource_use,payment_ends,6720.0,,,,1.0,,7.0,50.0
Car 39,resource_use,pumping_begins,6720.0,,,,1.0,,7.0,50.0
StationTank,fuel_level_change,fuel_level_change,6720.0,,,,,114.0,,
Car 39,resource_use_end,pumping_ends,6741.5,,,,1.0,,7.0,50.0
Car 39,arrival_departure,depart,6741.5,,,,,,,
StationTank,fuel_level_change,fuel_level_change,6780.0,,,,,114.0,,
StationTank,fuel_level_change,fuel_level_change,6840.0,,,,,114.0,,
StationTank,fuel_level_change,fuel_level_change,6900.0,,,,,114.0,,
Car 40,arrival_departure,arrival,6924.0,,,,,,,
Car 40,queue,pump_queue_wait_begins,6924.0,,,,,,8.0,50.0
Car 40,resource_use,payment_begins,6924.0,,,,2.0,,8.0,50.0
StationTank,fuel_level_change,fuel_level_change,6960.0,,,,,114.0,,
Car 40,resource_use,payment_ends,6963.0,,,,2.0,,8.0,50.0
Car 40,resource_use,pumping_begins,6963.0,,,,2.0,,8.0,50.0
Call 3,arrival_departure,arrival,6970.0,,,,,,,
Call 3,queue,calling_truck,6970.0,,,,,,,
Car 41,arrival_departure,arrival,6978.0,,,,,,,
Car 41,queue,pump_queue_wait_begins,6978.0,,,,,,18.0,50.0
Car 41,resource_use,payment_begins,6978.0,,,,1.0,,18.0,50.0
Car 40,resource_use_end,pumping_ends,6984.0,,,,2.0,,8.0,50.0
Car 40,arrival_departure,depart,6984.0,,,,,,,
StationTank,fuel_level_change,fuel_level_change,7020.0,,,,,72.0,,
Car 41,resource_use,payment_ends,7046.0,,,,1.0,,18.0,50.0
Car 41,resource_use,pumping_begins,7046.0,,,,1.0,,18.0,50.0
Car 41,resource_use_end,pumping_ends,7062.0,,,,1.0,,18.0,50.0
Car 41,arrival_departure,depart,7062.0,,,,,,,
StationTank,fuel_level_change,fuel_level_change,7080.0,,,,,40.0,,
Car 42,arrival_departure,arrival,7089.0,,,,,,,
Car 42,queue,pump_queue_wait_begins,7089.0,,,,,,17.0,50.0
Car 42,resource_use,payment_begins,7089.0,,,,2.0,,17.0,50.0
StationTank,fuel_level_change,fuel_level_change,7140.0,,,,,40.0,,
Car 42,resource_use,payment_ends,7143.0,,,,2.0,,17.0,50.0
Car 42,resource_use,pumping_begins,7143.0,,,,2.0,,17.0,50.0
Car 43,arrival_departure,arrival,7151.0,,,,,,,
Car 43,queue,pump_queue_wait_begins,7151.0,,,,,,21.0,50.0
Car 43,resource_use,payment_begins,7151.0,,,,1.0,,21.0,50.0
Car 42,resource_use_end,pumping_ends,7159.5,,,,2.0,,17.0,50.0
Car 42,arrival_departure,depart,7159.5,,,,,,,
Car 43,resource_use,payment_ends,7197.0,,,,1.0,,21.0,50.0
Car 43,resource_use,pumping_begins,7197.0,,,,1.0,,21.0,50.0
StationTank,fuel_level_change,fuel_level_change,7200.0,,,,,7.0,,
StationTank,fuel_level_change,fuel_level_change,7260.0,,,,,7.0,,
Call 3,arrival_departure,depart,7270.0,,,,,,,
Truck 3,arrival_departure,arrival,7270.0,,,,,,,
Truck 3,queue,refueling,7270.0,,,,,,,
StationTank,fuel_level_change,fuel_level_change,7320.0,,,,,7.0,,
StationTank,fuel_level_change,fuel_level_change,7380.0,,,,,7.0,,
Car 44,arrival_departure,arrival,7420.0,,,,,,,
Car 44,queue,pump_queue_wait_begins,7420.0,,,,,,8.0,50.0
Car 44,resource_use,payment_begins,7420.0,,,,2.0,,8.0,50.0
StationTank,fuel_level_change,fuel_level_change,7440.0,,,,,7.0,,
Car 45,arrival_departure,arrival,7455.0,,,,,,,
Car 45,queue,pump_queue_wait_begins,7455.0,,,,,,25.0,50.0
Car 44,resource_use,payment_ends,7493.0,,,,2.0,,8.0,50.0
Car 44,resource_use,pumping_begins,7493.0,,,,2.0,,8.0,50.0
StationTank,fuel_level_change,fuel_level_change,7500.0,,,,,7.0,,
StationTank,fuel_level_change,fuel_level_change,7560.0,,,,,7.0,,
StationTank,fuel_level_change,fuel_level_change,7620.0,,,,,7.0,,
Car 46,arrival_departure,arrival,7621.0,,,,,,,
Car 46,queue,pump_queue_wait_begins,7621.0,,,,,,8.0,50.0
StationTank,fuel_level_change,fuel_level_change,7680.0,,,,,7.0,,
StationTank,fuel_level_change,fuel_level_change,7740.0,,,,,7.0,,
StationTank,fuel_level_change,fuel_level_change,7800.0,,,,,7.0,,
Car 47,arrival_departure,arrival,7825.0,,,,,,,
Car 47,queue,pump_queue_wait_begins,7825.0,,,,,,18.0,50.0
StationTank,fuel_level_change,fuel_level_change,7860.0,,,,,7.0,,
StationTank,fuel_level_change,fuel_level_change,7920.0,,,,,7.0,,
StationTank,fuel_level_change,fuel_level_change,7980.0,,,,,7.0,,
Car 48,arrival_departure,arrival,8005.0,,,,,,,
Car 48,queue,pump_queue_wait_begins,8005.0,,,,,,19.0,50.0
StationTank,fuel_level_change,fuel_level_change,8040.0,,,,,7.0,,
StationTank,fuel_level_change,fuel_level_change,8100.0,,,,,7.0,,
Car 49,arrival_departure,arrival,8115.0,,,,,,,
Car 49,queue,pump_queue_wait_begins,8115.0,,,,,,13.0,50.0
Car 50,arrival_departure,arrival,8146.0,,,,,,,
Car 50,queue,pump_queue_wait_begins,8146.0,,,,,,10.0,50.0
StationTank,fuel_level_change,fuel_level_change,8160.0,,,,,7.0,,
StationTank,fuel_level_change,fuel_level_change,8220.0,,,,,7.0,,
Truck 3,arrival_departure,depart,8270.0,,,,,,,
StationTank,fuel_level_change,fuel_level_change,8280.0,,,,,329.0,,
Car 43,resource_use_end,pumping_ends,8284.5,,,,1.0,,21.0,50.0
Car 43,arrival_departure,depart,8284.5,,,,,,,
Car 45,resource_use,payment_begins,8284.5,,,,1.0,,25.0,50.0
Car 44,resource_use_end,pumping_ends,8291.0,,,,2.0,,8.0,50.0
Car 44,arrival_departure,depart,8291.0,,,,,,,
Car 46,resource_use,payment_begins,8291.0,,,,2.0,,8.0,50.0
StationTank,fuel_level_change,fuel_level_change,8340.0,,,,,329.0,,
Car 45,resource_use,payment_ends,8346.5,,,,1.0,,25.0,50.0
Car 45,resource_use,pumping_begins,8346.5,,,,1.0,,25.0,50.0
Car 45,resource_use_end,pumping_ends,8359.0,,,,1.0,,25.0,50.0
Car 45,arrival_departure,depart,8359.0,,,,,,,
Car 47,resource_use,payment_begins,8359.0,,,,1.0,,18.0,50.0
Car 46,resource_use,payment_ends,8379.0,,,,2.0,,8.0,50.0
Car 46,resource_use,pumping_begins,8379.0,,,,2.0,,8.0,50.0
Car 47,resource_use,payment_ends,8395.0,,,,1.0,,18.0,50.0
Car 47,resource_use,pumping_begins,8395.0,,,,1.0,,18.0,50.0
StationTank,fuel_level_change,fuel_level_change,8400.0,,,,,230.0,,
Car 46,resource_use_end,pumping_ends,8400.0,,,,2.0,,8.0,50.0
Car 46,arrival_departure,depart,8400.0,,,,,,,
Car 48,resource_use,payment_begins,8400.0,,,,2.0,,19.0,50.0
Car 47,resource_use_end,pumping_ends,8411.0,,,,1.0,,18.0,50.0
Car 47,arrival_departure,depart,8411.0,,,,,,,
Car 49,resource_use,payment_begins,8411.0,,,,1.0,,13.0,50.0
Car 51,arrival_departure,arrival,8432.0,,,,,,,
Car 51,queue,pump_queue_wait_begins,8432.0,,,,,,25.0,50.0
StationTank,fuel_level_change,fuel_level_change,8460.0,,,,,230.0,,
Car 49,resource_use,payment_ends,8481.0,,,,1.0,,13.0,50.0
Car 49,resource_use,pumping_begins,8481.0,,,,1.0,,13.0,50.0
Car 48,resource_use,payment_ends,8485.0,,,,2.0,,19.0,50.0
Car 48,resource_use,pumping_begins,8485.0,,,,2.0,,19.0,50.0
Car 49,resource_use_end,pumping_ends,8499.5,,,,1.0,,13.0,50.0
Car 49,arrival_departure,depart,8499.5,,,,,,,
Car 50,resource_use,payment_begins,8499.5,,,,1.0,,10.0,50.0
Car 48,resource_use_end,pumping_ends,8500.5,,,,2.0,,19.0,50.0
Car 48,arrival_departure,depart,8500.5,,,,,,,
Car 51,resource_use,payment_begins,8500.5,,,,2.0,,25.0,50.0
StationTank,fuel_level_change,fuel_level_change,8520.0,,,,,162.0,,
Car 50,resource_use,payment_ends,8561.5,,,,1.0,,10.0,50.0
Car 50,resource_use,pumping_begins,8561.5,,,,1.0,,10.0,50.0
Car 51,resource_use,payment_ends,8568.5,,,,2.0,,25.0,50.0
Car 51,resource_use,pumping_begins,8568.5,,,,2.0,,25.0,50.0
Call 4,arrival_departure,arrival,8570.0,,,,,,,
Call 4,queue,calling_truck,8570.0,,,,,,,
StationTank,fuel_level_change,fuel_level_change,8580.0,,,,,97.0,,
Car 51,resource_use_end,pumping_ends,8581.0,,,,2.0,,25.0,50.0
Car 51,arrival_departure,depart,8581.0,,,,,,,
Car 50,resource_use_end,pumping_ends,8581.5,,,,1.0,,10.0,50.0
Car 50,arrival_departure,depart,8581.5,,,,,,,
Car 52,arrival_departure,arrival,8614.0,,,,,,,
Car 52,queue,pump_queue_wait_begins,8614.0,,,,,,9.0,50.0
Car 52,resource_use,payment_begins,8614.0,,,,2.0,,9.0,50.0
StationTank,fuel_level_change,fuel_level_change,8640.0,,,,,97.0,,
Car 52,resource_use,payment_ends,8667.0,,,,2.0,,9.0,50.0
Car 52,resource_use,pumping_begins,8667.0,,,,2.0,,9.0,50.0
Car 52,resource_use_end,pumping_ends,8687.5,,,,2.0,,9.0,50.0
Car 52,arrival_departure,depart,8687.5,,,,,,,
StationTank,fuel_level_change,fuel_level_change,8700.0,,,,,56.0,,
Car 53,arrival_departure,arrival,8745.0,,,,,,,
Car 53,queue,pump_queue_wait_begins,8745.0,,,,,,22.0,50.0
Car 53,resource_use,payment_begins,8745.0,,,,1.0,,22.0,50.0
StationTank,fuel_level_change,fuel_level_change,8760.0,,,,,56.0,,
StationTank,fuel_level_change,fuel_level_change,8820.0,,,,,56.0,,
Car 53,resource_use,payment_ends,8824.0,,,,1.0,,22.0,50.0
Car 53,resource_use,pumping_begins,8824.0,,,,1.0,,22.0,50.0
Car 53,resource_use_end,pumping_ends,8838.0,,,,1.0,,22.0,50.0
Car 53,arrival_departure,depart,8838.0,,,,,,,
Car 54,arrival_departure,arrival,8857.0,,,,,,,
Car 54,queue,pump_queue_wait_begins,8857.0,,,,,,24.0,50.0
Car 54,resource_use,payment_begins,8857.0,,,,2.0,,24.0,50.0
Call 4,arrival_departure,depart,8870.0,,,,,,,
Truck 4,arrival_departure,arrival,8870.0,,,,,,,
Truck 4,queue,refueling,8870.0,,,,,,,
StationTank,fuel_level_change,fuel_level_change,8880.0,,,,,28.0,,
Car 55,arrival_departure,arrival,8887.0,,,,,,,
Car 55,queue,pump_queue_wait_begins,8887.0,,,,,,5.0,50.0
Car 55,resource_use,payment_begins,8887.0,,,,1.0,,5.0,50.0
Car 54,resource_use,payment_ends,8907.0,,,,2.0,,24.0,50.0
Car 54,resource_use,pumping_begins,8907.0,,,,2.0,,24.0,50.0
Car 54,resource_use_end,pumping_ends,8920.0,,,,2.0,,24.0,50.0
Car 54,arrival_departure,depart,8920.0,,,,,,,
Car 55,resource_use,payment_ends,8924.0,,,,1.0,,5.0,50.0
Car 55,resource_use,pumping_begins,8924.0,,,,1.0,,5.0,50.0
StationTank,fuel_level_change,fuel_level_change,8940.0,,,,,2.0,,
StationTank,fuel_level_change,fuel_level_change,9000.0,,,,,2.0,,
StationTank,fuel_level_change,fuel_level_change,9060.0,,,,,2.0,,
StationTank,fuel_level_change,fuel_level_change,9120.0,,,,,2.0,,
Car 56,arrival_departure,arrival,9167.0,,,,,,,
Car 56,queue,pump_queue_wait_begins,9167.0,,,,,,14.0,50.0
Car 56,resource_use,payment_begins,9167.0,,,,2.0,,14.0,50.0
StationTank,fuel_level_change,fuel_level_change,9180.0,,,,,2.0,,
Car 56,resource_use,payment_ends,9212.0,,,,2.0,,14.0,50.0
Car 56,resource_use,pumping_begins,9212.0,,,,2.0,,14.0,50.0
StationTank,fuel_level_change,fuel_level_change,9240.0,,,,,2.0,,
StationTank,fuel_level_change,fuel_level_change,9300.0,,,,,2.0,,
StationTank,fuel_level_change,fuel_level_change,9360.0,,,,,2.0,,
Car 57,arrival_departure,arrival,9382.0,,,,,,,
Car 57,queue,pump_queue_wait_begins,9382.0,,,,,,12.0,50.0
StationTank,fuel_level_change,fuel_level_change,9420.0,,,,,2.0,,
Car 58,arrival_departure,arrival,9441.0,,,,,,,
Car 58,queue,pump_queue_wait_begins,9441.0,,,,,,7.0,50.0
StationTank,fuel_level_change,fuel_level_change,9480.0,,,,,2.0,,
Car 59,arrival_departure,arrival,9511.0,,,,,,,
Car 59,queue,pump_queue_wait_begins,9511.0,,,,,,7.0,50.0
StationTank,fuel_level_change,fuel_level_change,9540.0,,,,,2.0,,
StationTank,fuel_level_change,fuel_level_change,9600.0,,,,,2.0,,
StationTank,fuel_level_change,fuel_level_change,9660.0,,,,,2.0,,
StationTank,fuel_level_change,fuel_level_change,9720.0,,,,,2.0,,
StationTank,fuel_level_change,fuel_level_change,9780.0,,,,,2.0,,
Car 60,arrival_departure,arrival,9789.0,,,,,,,
Car 60,queue,pump_queue_wait_begins,9789.0,,,,,,9.0,50.0
StationTank,fuel_level_change,fuel_level_change,9840.0,,,,,2.0,,
Truck 4,arrival_departure,depart,9870.0,,,,,,,
Car 61,arrival_departure,arrival,9883.0,,,,,,,
Car 61,queue,pump_queue_wait_begins,9883.0,,,,,,22.0,50.0
Car 56,resource_use_end,pumping_ends,9888.0,,,,2.0,,14.0,50.0
Car 56,arrival_departure,depart,9888.0,,,,,,,
Car 57,resource_use,payment_begins,9888.0,,,,2.0,,12.0,50.0
Car 55,resource_use_end,pumping_ends,9892.5,,,,1.0,,5.0,50.0
Car 55,arrival_departure,depart,9892.5,,,,,,,
Car 58,resource_use,payment_begins,9892.5,,,,1.0,,7.0,50.0
StationTank,fuel_level_change,fuel_level_change,9900.0,,,,,293.0,,
Car 57,resource_use,payment_ends,9928.0,,,,2.0,,12.0,50.0
Car 57,resource_use,pumping_begins,9928.0,,,,2.0,,12.0,50.0
Car 58,resource_use,payment_ends,9938.5,,,,1.0,,7.0,50.0
Car 58,resource_use,pumping_begins,9938.5,,,,1.0,,7.0,50.0
Car 57,resource_use_end,pumping_ends,9947.0,,,,2.0,,12.0,50.0
Car 57,arrival_departure,depart,9947.0,,,,,,,
Car 59,resource_use,payment_begins,9947.0,,,,2.0,,7.0,50.0
StationTank,fuel_level_change,fuel_level_change,9960.0,,,,,212.0,,
Car 58,resource_use_end,pumping_ends,9960.0,,,,1.0,,7.0,50.0
Car 58,arrival_departure,depart,9960.0,,,,,,,
Car 60,resource_use,payment_begins,9960.0,,,,1.0,,9.0,50.0
Car 59,resource_use,payment_ends,10010.0,,,,2.0,,7.0,50.0
Car 59,resource_use,pumping_begins,10010.0,,,,2.0,,7.0,50.0
StationTank,fuel_level_change,fuel_level_change,10020.0,,,,,169.0,,
Car 59,resource_use_end,pumping_ends,10031.5,,,,2.0,,7.0,50.0
Car 59,arrival_departure,depart,10031.5,,,,,,,
Car 61,resource_use,payment_begins,10031.5,,,,2.0,,22.0,50.0
Car 60,resource_use,payment_ends,10045.0,,,,1.0,,9.0,50.0
Car 60,resource_use,pumping_begins,10045.0,,,,1.0,,9.0,50.0
Car 60,resource_use_end,pumping_ends,10065.5,,,,1.0,,9.0,50.0
Car 60,arrival_departure,depart,10065.5,,,,,,,
StationTank,fuel_level_change,fuel_level_change,10080.0,,,,,128.0,,
Car 61,resource_use,payment_ends,10099.5,,,,2.0,,22.0,50.0
Car 61,resource_use,pumping_begins,10099.5,,,,2.0,,22.0,50.0
Car 61,resource_use_end,pumping_ends,10113.5,,,,2.0,,22.0,50.0
Car 61,arrival_departure,depart,10113.5,,,,,,,
StationTank,fuel_level_change,fuel_level_change,10140.0,,,,,100.0,,
Car 62,arrival_departure,arrival,10156.0,,,,,,,
Car 62,queue,pump_queue_wait_begins,10156.0,,,,,,11.0,50.0
Car 62,resource_use,payment_begins,10156.0,,,,1.0,,11.0,50.0
StationTank,fuel_level_change,fuel_level_change,10200.0,,,,,100.0,,
Car 62,resource_use,payment_ends,10245.0,,,,1.0,,11.0,50.0
Car 62,resource_use,pumping_begins,10245.0,,,,1.0,,11.0,50.0
Call 5,arrival_departure,arrival,10250.0,,,,,,,
Call 5,queue,calling_truck,10250.0,,,,,,,
StationTank,fuel_level_change,fuel_level_change,10260.0,,,,,61.0,,
Car 62,resource_use_end,pumping_ends,10264.5,,,,1.0,,11.0,50.0
Car 62,arrival_departure,depart,10264.5,,,,,,,
StationTank,fuel_level_change,fuel_level_change,10320.0,,,,,61.0,,
StationTank,fuel_level_change,fuel_level_change,10380.0,,,,,61.0,,
Car 63,arrival_departure,arrival,10402.0,,,,,,,
Car 63,queue,pump_queue_wait_begins,10402.0,,,,,,14.0,50.0
Car 63,resource_use,payment_begins,10402.0,,,,2.0,,14.0,50.0
StationTank,fuel_level_change,fuel_level_change,10440.0,,,,,61.0,,
Car 63,resource_use,payment_ends,10457.0,,,,2.0,,14.0,50.0
Car 63,resource_use,pumping_begins,10457.0,,,,2.0,,14.0,50.0
Car 63,resource_use_end,pumping_ends,10475.0,,,,2.0,,14.0,50.0
Car 63,arrival_departure,depart,10475.0,,,,,,,
StationTank,fuel_level_change,fuel_level_change,10500.0,,,,,25.0,,
Car 64,arrival_departure,arrival,10534.0,,,,,,,
Car 64,queue,pump_queue_wait_begins,10534.0,,,,,,19.0,50.0
Car 64,resource_use,payment_begins,10534.0,,,,1.0,,19.0,50.0
Call 5,arrival_departure,depart,10550.0,,,,,,,
Truck 5,arrival_departure,arrival,10550.0,,,,,,,
Truck 5,queue,refueling,10550.0,,,,,,,
StationTank,fuel_level_change,fuel_level_change,10560.0,,,,,25.0,,
StationTank,fuel_level_change,fuel_level_change,10620.0,,,,,25.0,,
Car 64,resource_use,payment_ends,10621.0,,,,1.0,,19.0,50.0
Car 64,resource_use,pumping_begins,10621.0,,,,1.0,,19.0,50.0
StationTank,fuel_level_change,fuel_level_change,10680.0,,,,,25.0,,
StationTank,fuel_level_change,fuel_level_change,10740.0,,,,,25.0,,
Car 65,arrival_departure,arrival,10755.0,,,,,,,
Car 65,queue,pump_queue_wait_begins,10755.0,,,,,,19.0,50.0
Car 65,resource_use,payment_begins,10755.0,,,,2.0,,19.0,50.0
Car 65,resource_use,payment_ends,10792.0,,,,2.0,,19.0,50.0
Car 65,resource_use,pumping_begins,10792.0,,,,2.0,,19.0,50.0
StationTank,fuel_level_change,fuel_level_change,10800.0,,,,,25.0,,
StationTank,fuel_level_change,fuel_level_change,10860.0,,,,,25.0,,
StationTank,fuel_level_change,fuel_level_change,10920.0,,,,,25.0,,
StationTank,fuel_level_change,fuel_level_change,10980.0,,,,,25.0,,
StationTank,fuel_level_change,fuel_level_change,11040.0,,,,,25.0,,
Car 66,arrival_departure,arrival,11049.0,,,,,,,
Car 66,queue,pump_queue_wait_begins,11049.0,,,,,,12.0,50.0
StationTank,fuel_level_change,fuel_level_change,11100.0,,,,,25.0,,
StationTank,fuel_level_change,fuel_level_change,11160.0,,,,,25.0,,
Car 67,arrival_departure,arrival,11205.0,,,,,,,
Car 67,queue,pump_queue_wait_begins,11205.0,,,,,,15.0,50.0
StationTank,fuel_level_change,fuel_level_change,11220.0,,,,,25.0,,
Car 68,arrival_departure,arrival,11267.0,,,,,,,
Car 68,queue,pump_queue_wait_begins,11267.0,,,,,,23.0,50.0
StationTank,fuel_level_change,fuel_level_change,11280.0,,,,,25.0,,
Car 69,arrival_departure,arrival,11307.0,,,,,,,
Car 69,queue,pump_queue_wait_begins,11307.0,,,,,,23.0,50.0
StationTank,fuel_level_change,fuel_level_change,11340.0,,,,,25.0,,
StationTank,fuel_level_change,fuel_level_change,11400.0,,,,,25.0,,
Car 70,arrival_departure,arrival,11454.0,,,,,,,
Car 70,queue,pump_queue_wait_begins,11454.0,,,,,,5.0,50.0
StationTank,fuel_level_change,fuel_level_change,11460.0,,,,,25.0,,
StationTank,fuel_level_change,fuel_level_change,11520.0,,,,,25.0,,
Truck 5,arrival_departure,depart,11550.0,,,,,,,
Car 64,resource_use_end,pumping_ends,11565.5,,,,1.0,,19.0,50.0
Car 64,arrival_departure,depart,11565.5,,,,,,,
Car 65,resource_use_end,pumping_ends,11565.5,,,,2.0,,19.0,50.0
Car 65,arrival_departure,depart,11565.5,,,,,,,
Car 66,resource_use,payment_begins,11565.5,,,,1.0,,12.0,50.0
Car 67,resource_use,payment_begins,11565.5,,,,2.0,,15.0,50.0
StationTank,fuel_level_change,fuel_level_change,11580.0,,,,,338.0,,
Car 71,arrival_departure,arrival,11596.0,,,,,,,
Car 71,queue,pump_queue_wait_begins,11596.0,,,,,,12.0,50.0
Car 66,resource_use,payment_ends,11599.5,,,,1.0,,12.0,50.0
Car 66,resource_use,pumping_begins,11599.5,,,,1.0,,12.0,50.0
Car 66,resource_use_end,pumping_ends,11618.5,,,,1.0,,12.0,50.0
Car 66,arrival_departure,depart,11618.5,,,,,,,
Car 68,resource_use,payment_begins,11618.5,,,,1.0,,23.0,50.0
StationTank,fuel_level_change,fuel_level_change,11640.0,,,,,300.0,,
Car 67,resource_use,payment_ends,11640.5,,,,2.0,,15.0,50.0
Car 67,resource_use,pumping_begins,11640.5,,,,2.0,,15.0,50.0
Car 68,resource_use,payment_ends,11652.5,,,,1.0,,23.0,50.0
Car 68,resource_use,pumping_begins,11652.5,,,,1.0,,23.0,50.0
Car 72,arrival_departure,arrival,11656.0,,,,,,,
Car 72,queue,pump_queue_wait_begins,11656.0,,,,,,15.0,50.0
Car 67,resource_use_end,pumping_ends,11658.0,,,,2.0,,15.0,50.0
Car 67,arrival_departure,depart,11658.0,,,,,,,
Car 69,resource_use,payment_begins,11658.0,,,,2.0,,23.0,50.0
Car 68,resource_use_end,pumping_ends,11666.0,,,,1.0,,23.0,50.0
Car 68,arrival_departure,depart,11666.0,,,,,,,
Car 70,resource_use,payment_begins,11666.0,,,,1.0,,5.0,50.0
Car 69,resource_use,payment_ends,11692.0,,,,2.0,,23.0,50.0
Car 69,resource_use,pumping_begins,11692.0,,,,2.0,,23.0,50.0
StationTank,fuel_level_change,fuel_level_change,11700.0,,,,,211.0,,
Car 73,arrival_departure,arrival,11702.0,,,,,,,
Car 73,queue,pump_queue_wait_begins,11702.0,,,,,,13.0,50.0
Car 69,resource_use_end,pumping_ends,11705.5,,,,2.0,,23.0,50.0
Car 69,arrival_departure,depart,11705.5,,,,,,,
Car 71,resource_use,payment_begins,11705.5,,,,2.0,,12.0,50.0
Car 70,resource_use,payment_ends,11728.0,,,,1.0,,5.0,50.0
Car 70,resource_use,pumping_begins,11728.0,,,,1.0,,5.0,50.0
Car 70,resource_use_end,pumping_ends,11750.5,,,,1.0,,5.0,50.0
Car 70,arrival_departure,depart,11750.5,,,,,,,
Car 72,resource_use,payment_begins,11750.5,,,,1.0,,15.0,50.0
StationTank,fuel_level_change,fuel_level_change,11760.0,,,,,166.0,,
Car 71,resource_use,payment_ends,11777.5,,,,2.0,,12.0,50.0
Car 71,resource_use,pumping_begins,11777.5,,,,2.0,,12.0,50.0
Car 71,resource_use_end,pumping_ends,11796.5,,,,2.0,,12.0,50.0
Car 71,arrival_departure,depart,11796.5,,,,,,,
Car 73,resource_use,payment_begins,11796.5,,,,2.0,,13.0,50.0
Car 72,resource_use,payment_ends,11811.5,,,,1.0,,15.0,50.0
Car 72,resource_use,pumping_begins,11811.5,,,,1.0,,15.0,50.0
StationTank,fuel_level_change,fuel_level_change,11820.0,,,,,93.0,,
Call 6,arrival_departure,arrival,11820.0,,,,,,,
Call 6,queue,calling_truck,11820.0,,,,,,,
Car 72,resource_use_end,pumping_ends,11829.0,,,,1.0,,15.0,50.0
Car 72,arrival_departure,depart,11829.0,,,,,,,
Car 73,resource_use,payment_ends,11839.5,,,,2.0,,13.0,50.0
Car 73,resource_use,pumping_begins,11839.5,,,,2.0,,13.0,50.0
Car 74,arrival_departure,arrival,11853.0,,,,,,,
Car 74,queue,pump_queue_wait_begins,11853.0,,,,,,23.0,50.0
Car 74,resource_use,payment_begins,11853.0,,,,1.0,,23.0,50.0
Car 73,resource_use_end,pumping_ends,11858.0,,,,2.0,,13.0,50.0
Car 73,arrival_departure,depart,11858.0,,,,,,,
StationTank,fuel_level_change,fuel_level_change,11880.0,,,,,56.0,,
Car 74,resource_use,payment_ends,11919.0,,,,1.0,,23.0,50.0
Car 74,resource_use,pumping_begins,11919.0,,,,1.0,,23.0,50.0
Car 74,resource_use_end,pumping_ends,11932.5,,,,1.0,,23.0,50.0
Car 74,arrival_departure,depart,11932.5,,,,,,,
StationTank,fuel_level_change,fuel_level_change,11940.0,,,,,29.0,,
Car 75,arrival_departure,arrival,11950.0,,,,,,,
Car 75,queue,pump_queue_wait_begins,11950.0,,,,,,12.0,50.0
Car 75,resource_use,payment_begins,11950.0,,,,2.0,,12.0,50.0
StationTank,fuel_level_change,fuel_level_change,12000.0,,,,,29.0,,
Car 75,resource_use,payment_ends,12030.0,,,,2.0,,12.0,50.0
Car 75,resource_use,pumping_begins,12030.0,,,,2.0,,12.0,50.0
StationTank,fuel_level_change,fuel_level_change,12060.0,,,,,29.0,,
Call 6,arrival_departure,depart,12120.0,,,,,,,
Truck 6,arrival_departure,arrival,12120.0,,,,,,,
Truck 6,queue,refueling,12120.0,,,,,,,
StationTank,fuel_level_change,fuel_level_change,12120.0,,,,,29.0,,
StationTank,fuel_level_change,fuel_level_change,12180.0,,,,,29.0,,
Car 76,arrival_departure,arrival,12222.0,,,,,,,
Car 76,queue,pump_queue_wait_begins,12222.0,,,,,,18.0,50.0
Car 76,resource_use,payment_begins,12222.0,,,,1.0,,18.0,50.0
StationTank,fuel_level_change,fuel_level_change,12240.0,,,,,29.0,,
Car 76,resource_use,payment_ends,12264.0,,,,1.0,,18.0,50.0
Car 76,resource_use,pumping_begins,12264.0,,,,1.0,,18.0,50.0
StationTank,fuel_level_change,fuel_level_change,12300.0,,,,,29.0,,
StationTank,fuel_level_change,fuel_level_change,12360.0,,,,,29.0,,
StationTank,fuel_level_change,fuel_level_change,12420.0,,,,,29.0,,
StationTank,fuel_level_change,fuel_level_change,12480.0,,,,,29.0,,
Car 77,arrival_departure,arrival,12494.0,,,,,,,
Car 77,queue,pump_queue_wait_begins,12494.0,,,,,,8.0,50.0
StationTank,fuel_level_change,fuel_level_change,12540.0,,,,,29.0,,
Car 78,arrival_departure,arrival,12572.0,,,,,,,
Car 78,queue,pump_queue_wait_begins,12572.0,,,,,,16.0,50.0
StationTank,fuel_level_change,fuel_level_change,12600.0,,,,,29.0,,
StationTank,fuel_level_change,fuel_level_change,12660.0,,,,,29.0,,
StationTank,fuel_level_change,fuel_level_change,12720.0,,,,,29.0,,
StationTank,fuel_level_change,fuel_level_change,12780.0,,,,,29.0,,
Car 79,arrival_departure,arrival,12822.0,,,,,,,
Car 79,queue,pump_queue_wait_begins,12822.0,,,,,,18.0,50.0
StationTank,fuel_level_change,fuel_level_change,12840.0,,,,,29.0,,
StationTank,fuel_level_change,fuel_level_change,12900.0,,,,,29.0,,
StationTank,fuel_level_change,fuel_level_change,12960.0,,,,,29.0,,
StationTank,fuel_level_change,fuel_level_change,13020.0,,,,,29.0,,
Car 80,arrival_departure,arrival,13068.0,,,,,,,
Car 80,queue,pump_queue_wait_begins,13068.0,,,,,,6.0,50.0
StationTank,fuel_level_change,fuel_level_change,13080.0,,,,,29.0,,
Truck 6,arrival_departure,depart,13120.0,,,,,,,
Car 76,resource_use_end,pumping_ends,13136.0,,,,1.0,,18.0,50.0
Car 76,arrival_departure,depart,13136.0,,,,,,,
Car 77,resource_use,payment_begins,13136.0,,,,1.0,,8.0,50.0
Car 75,resource_use_end,pumping_ends,13139.0,,,,2.0,,12.0,50.0
Car 75,arrival_departure,depart,13139.0,,,,,,,
Car 78,resource_use,payment_begins,13139.0,,,,2.0,,16.0,50.0
StationTank,fuel_level_change,fuel_level_change,13140.0,,,,,330.0,,
StationTank,fuel_level_change,fuel_level_change,13200.0,,,,,330.0,,
Car 77,resource_use,payment_ends,13209.0,,,,1.0,,8.0,50.0
Car 77,resource_use,pumping_begins,13209.0,,,,1.0,,8.0,50.0
Car 78,resource_use,payment_ends,13210.0,,,,2.0,,16.0,50.0
Car 78,resource_use,pumping_begins,13210.0,,,,2.0,,16.0,50.0
Car 78,resource_use_end,pumping_ends,13227.0,,,,2.0,,16.0,50.0
Car 78,arrival_departure,depart,13227.0,,,,,,,
Car 79,resource_use,payment_begins,13227.0,,,,2.0,,18.0,50.0
Car 77,resource_use_end,pumping_ends,13230.0,,,,1.0,,8.0,50.0
Car 77,arrival_departure,depart,13230.0,,,,,,,
Car 80,resource_use,payment_begins,13230.0,,,,1.0,,6.0,50.0
StationTank,fuel_level_change,fuel_level_change,13260.0,,,,,254.0,,
Car 80,resource_use,payment_ends,13266.0,,,,1.0,,6.0,50.0
Car 80,resource_use,pumping_begins,13266.0,,,,1.0,,6.0,50.0
Car 80,resource_use_end,pumping_ends,13288.0,,,,1.0,,6.0,50.0
Car 80,arrival_departure,depart,13288.0,,,,,,,
Car 79,resource_use,payment_ends,13298.0,,,,2.0,,18.0,50.0
Car 79,resource_use,pumping_begins,13298.0,,,,2.0,,18.0,50.0
Car 79,resource_use_end,pumping_ends,13314.0,,,,2.0,,18.0,50.0
Car 79,arrival_departure,depart,13314.0,,,,,,,
StationTank,fuel_level_change,fuel_level_change,13320.0,,,,,178.0,,
Car 81,arrival_departure,arrival,13337.0,,,,,,,
Car 81,queue,pump_queue_wait_begins,13337.0,,,,,,17.0,50.0
Car 81,resource_use,payment_begins,13337.0,,,,1.0,,17.0,50.0
StationTank,fuel_level_change,fuel_level_change,13380.0,,,,,178.0,,
Car 82,arrival_departure,arrival,13398.0,,,,,,,
Car 82,queue,pump_queue_wait_begins,13398.0,,,,,,8.0,50.0
Car 82,resource_use,payment_begins,13398.0,,,,2.0,,8.0,50.0
Car 81,resource_use,payment_ends,13413.0,,,,1.0,,17.0,50.0
Car 81,resource_use,pumping_begins,13413.0,,,,1.0,,17.0,50.0
Car 81,resource_use_end,pumping_ends,13429.5,,,,1.0,,17.0,50.0
Car 81,arrival_departure,depart,13429.5,,,,,,,
StationTank,fuel_level_change,fuel_level_change,13440.0,,,,,145.0,,
Car 82,resource_use,payment_ends,13443.0,,,,2.0,,8.0,50.0
Car 82,resource_use,pumping_begins,13443.0,,,,2.0,,8.0,50.0
Car 82,resource_use_end,pumping_ends,13464.0,,,,2.0,,8.0,50.0
Car 82,arrival_departure,depart,13464.0,,,,,,,
StationTank,fuel_level_change,fuel_level_change,13500.0,,,,,103.0,,
StationTank,fuel_level_change,fuel_level_change,13560.0,,,,,103.0,,
Car 83,arrival_departure,arrival,13601.0,,,,,,,
Car 83,queue,pump_queue_wait_begins,13601.0,,,,,,11.0,50.0
Car 83,resource_use,payment_begins,13601.0,,,,1.0,,11.0,50.0
StationTank,fuel_level_change,fuel_level_change,13620.0,,,,,103.0,,
Car 83,resource_use,payment_ends,13665.0,,,,1.0,,11.0,50.0
Car 83,resource_use,pumping_begins,13665.0,,,,1.0,,11.0,50.0
Call 7,arrival_departure,arrival,13670.0,,,,,,,
Call 7,queue,calling_truck,13670.0,,,,,,,
StationTank,fuel_level_change,fuel_level_change,13680.0,,,,,64.0,,
Car 83,resource_use_end,pumping_ends,13684.5,,,,1.0,,11.0,50.0
Car 83,arrival_departure,depart,13684.5,,,,,,,
Car 84,arrival_departure,arrival,13729.0,,,,,,,
Car 84,queue,pump_queue_wait_begins,13729.0,,,,,,9.0,50.0
Car 84,resource_use,payment_begins,13729.0,,,,2.0,,9.0,50.0
StationTank,fuel_level_change,fuel_level_change,13740.0,,,,,64.0,,
Car 84,resource_use,payment_ends,13786.0,,,,2.0,,9.0,50.0
Car 84,resource_use,pumping_begins,13786.0,,,,2.0,,9.0,50.0
StationTank,fuel_level_change,fuel_level_change,13800.0,,,,,23.0,,
Car 84,resource_use_end,pumping_ends,13806.5,,,,2.0,,9.0,50.0
Car 84,arrival_departure,depart,13806.5,,,,,,,
StationTank,fuel_level_change,fuel_level_change,13860.0,,,,,23.0,,
StationTank,fuel_level_change,fuel_level_change,13920.0,,,,,23.0,,
Call 7,arrival_departure,depart,13970.0,,,,,,,
Truck 7,arrival_departure,arrival,13970.0,,,,,,,
Truck 7,queue,refueling,13970.0,,,,,,,
StationTank,fuel_level_change,fuel_level_change,13980.0,,,,,23.0,,
Car 85,arrival_departure,arrival,13988.0,,,,,,,
Car 85,queue,pump_queue_wait_begins,13988.0,,,,,,13.0,50.0
Car 85,resource_use,payment_begins,13988.0,,,,1.0,,13.0,50.0
StationTank,fuel_level_change,fuel_level_change,14040.0,,,,,23.0,,
Car 85,resource_use,payment_ends,14047.0,,,,1.0,,13.0,50.0
Car 85,resource_use,pumping_begins,14047.0,,,,1.0,,13.0,50.0
StationTank,fuel_level_change,fuel_level_change,14100.0,,,,,23.0,,
Car 86,arrival_departure,arrival,14111.0,,,,,,,
Car 86,queue,pump_queue_wait_begins,14111.0,,,,,,7.0,50.0
Car 86,resource_use,payment_begins,14111.0,,,,2.0,,7.0,50.0
StationTank,fuel_level_change,fuel_level_change,14160.0,,,,,23.0,,
Car 86,resource_use,payment_ends,14169.0,,,,2.0,,7.0,50.0
Car 86,resource_use,pumping_begins,14169.0,,,,2.0,,7.0,50.0
StationTank,fuel_level_change,fuel_level_change,14220.0,,,,,23.0,,
Car 87,arrival_departure,arrival,14268.0,,,,,,,
Car 87,queue,pump_queue_wait_begins,14268.0,,,,,,6.0,50.0
StationTank,fuel_level_change,fuel_level_change,14280.0,,,,,23.0,,
StationTank,fuel_level_change,fuel_level_change,14340.0,,,,,23.0,,
Car 88,arrival_departure,arrival,14348.0,,,,,,,
Car 88,queue,pump_queue_wait_begins,14348.0,,,,,,7.0,50.0
Car 89,arrival_departure,arrival,14385.0,,,,,,,
Car 89,queue,pump_queue_wait_begins,14385.0,,,,,,10.0,50.0
StationTank,fuel_level_change,fuel_level_change,14400.0,,,,,23.0,,
StationTank,fuel_level_change,fuel_level_change,14460.0,,,,,23.0,,
StationTank,fuel_level_change,fuel_level_change,14520.0,,,,,23.0,,
Car 90,arrival_departure,arrival,14536.0,,,,,,,
Car 90,queue,pump_queue_wait_begins,14536.0,,,,,,20.0,50.0
StationTank,fuel_level_change,fuel_level_change,14580.0,,,,,23.0,,
StationTank,fuel_level_change,fuel_level_change,14640.0,,,,,23.0,,
StationTank,fuel_level_change,fuel_level_change,14700.0,,,,,23.0,,
StationTank,fuel_level_change,fuel_level_change,14760.0,,,,,23.0,,
Car 91,arrival_departure,arrival,14774.0,,,,,,,
Car 91,queue,pump_queue_wait_begins,14774.0,,,,,,11.0,50.0
StationTank,fuel_level_change,fuel_level_change,14820.0,,,,,23.0,,
StationTank,fuel_level_change,fuel_level_change,14880.0,,,,,23.0,,
StationTank,fuel_level_change,fuel_level_change,14940.0,,,,,23.0,,
Truck 7,arrival_departure,depart,14970.0,,,,,,,
Car 85,resource_use_end,pumping_ends,14988.5,,,,1.0,,13.0,50.0
Car 85,arrival_departure,depart,14988.5,,,,,,,
Car 87,resource_use,payment_begins,14988.5,,,,1.0,,6.0,50.0
Car 86,resource_use_end,pumping_ends,14991.5,,,,2.0,,7.0,50.0
Car 86,arrival_departure,depart,14991.5,,,,,,,
Car 88,resource_use,payment_begins,14991.5,,,,2.0,,7.0,50.0
StationTank,fuel_level_change,fuel_level_change,15000.0,,,,,320.0,,
Car 88,resource_use,payment_ends,15046.5,,,,2.0,,7.0,50.0
Car 88,resource_use,pumping_begins,15046.5,,,,2.0,,7.0,50.0
Car 92,arrival_departure,arrival,15050.0,,,,,,,
Car 92,queue,pump_queue_wait_begins,15050.0,,,,,,10.0,50.0
StationTank,fuel_level_change,fuel_level_change,15060.0,,,,,277.0,,
Car 88,resource_use_end,pumping_ends,15068.0,,,,2.0,,7.0,50.0
Car 88,arrival_departure,depart,15068.0,,,,,,,
Car 89,resource_use,payment_begins,15068.0,,,,2.0,,10.0,50.0
Car 87,resource_use,payment_ends,15073.5,,,,1.0,,6.0,50.0
Car 87,resource_use,pumping_begins,15073.5,,,,1.0,,6.0,50.0
Car 87,resource_use_end,pumping_ends,15095.5,,,,1.0,,6.0,50.0
Car 87,arrival_departure,depart,15095.5,,,,,,,
Car 90,resource_use,payment_begins,15095.5,,,,1.0,,20.0,50.0
Car 93,arrival_departure,arrival,15110.0,,,,,,,
Car 93,queue,pump_queue_wait_begins,15110.0,,,,,,13.0,50.0
StationTank,fuel_level_change,fuel_level_change,15120.0,,,,,233.0,,
Car 89,resource_use,payment_ends,15122.0,,,,2.0,,10.0,50.0
Car 89,resource_use,pumping_begins,15122.0,,,,2.0,,10.0,50.0
Car 90,resource_use,payment_ends,15125.5,,,,1.0,,20.0,50.0
Car 90,resource_use,pumping_begins,15125.5,,,,1.0,,20.0,50.0
Car 90,resource_use_end,pumping_ends,15140.5,,,,1.0,,20.0,50.0
Car 90,arrival_departure,depart,15140.5,,,,,,,
Car 91,resource_use,payment_begins,15140.5,,,,1.0,,11.0,50.0
Car 89,resource_use_end,pumping_ends,15142.0,,,,2.0,,10.0,50.0
Car 89,arrival_departure,depart,15142.0,,,,,,,
Car 92,resource_use,payment_begins,15142.0,,,,2.0,,10.0,50.0
StationTank,fuel_level_change,fuel_level_change,15180.0,,,,,163.0,,
Car 92,resource_use,payment_ends,15222.0,,,,2.0,,10.0,50.0
Car 92,resource_use,pumping_begins,15222.0,,,,2.0,,10.0,50.0
Car 91,resource_use,payment_ends,15229.5,,,,1.0,,11.0,50.0
Car 91,resource_use,pumping_begins,15229.5,,,,1.0,,11.0,50.0
Call 8,arrival_departure,arrival,15230.0,,,,,,,
Call 8,queue,calling_truck,15230.0,,,,,,,
StationTank,fuel_level_change,fuel_level_change,15240.0,,,,,84.0,,
Car 92,resource_use_end,pumping_ends,15242.0,,,,2.0,,10.0,50.0
Car 92,arrival_departure,depart,15242.0,,,,,,,
Car 93,resource_use,payment_begins,15242.0,,,,2.0,,13.0,50.0
Car 91,resource_use_end,pumping_ends,15249.0,,,,1.0,,11.0,50.0
Car 91,arrival_departure,depart,15249.0,,,,,,,
StationTank,fuel_level_change,fuel_level_change,15300.0,,,,,84.0,,
Car 93,resource_use,payment_ends,15322.0,,,,2.0,,13.0,50.0
Car 93,resource_use,pumping_begins,15322.0,,,,2.0,,13.0,50.0
Car 94,arrival_departure,arrival,15339.0,,,,,,,
Car 94,queue,pump_queue_wait_begins,15339.0,,,,,,14.0,50.0
Car 94,resource_use,payment_begins,15339.0,,,,1.0,,14.0,50.0
Car 93,resource_use_end,pumping_ends,15340.5,,,,2.0,,13.0,50.0
Car 93,arrival_departure,depart,15340.5,,,,,,,
StationTank,fuel_level_change,fuel_level_change,15360.0,,,,,47.0,,
Car 94,resource_use,payment_ends,15396.0,,,,1.0,,14.0,50.0
Car 94,resource_use,pumping_begins,15396.0,,,,1.0,,14.0,50.0
Car 94,resource_use_end,pumping_ends,15414.0,,,,1.0,,14.0,50.0
Car 94,arrival_departure,depart,15414.0,,,,,,,
StationTank,fuel_level_change,fuel_level_change,15420.0,,,,,11.0,,
StationTank,fuel_level_change,fuel_level_change,15480.0,,,,,11.0,,
Call 8,arrival_departure,depart,15530.0,,,,,,,
Truck 8,arrival_departure,arrival,15530.0,,,,,,,
Truck 8,queue,refueling,15530.0,,,,,,,
StationTank,fuel_level_change,fuel_level_change,15540.0,,,,,11.0,,
StationTank,fuel_level_change,fuel_level_change,15600.0,,,,,11.0,,
Car 95,arrival_departure,arrival,15601.0,,,,,,,
Car 95,queue,pump_queue_wait_begins,15601.0,,,,,,9.0,50.0
Car 95,resource_use,payment_begins,15601.0,,,,2.0,,9.0,50.0
Car 95,resource_use,payment_ends,15643.0,,,,2.0,,9.0,50.0
Car 95,resource_use,pumping_begins,15643.0,,,,2.0,,9.0,50.0
StationTank,fuel_level_change,fuel_level_change,15660.0,,,,,11.0,,
StationTank,fuel_level_change,fuel_level_change,15720.0,,,,,11.0,,
StationTank,fuel_level_change,fuel_level_change,15780.0,,,,,11.0,,
StationTank,fuel_level_change,fuel_level_change,15840.0,,,,,11.0,,
Car 96,arrival_departure,arrival,15880.0,,,,,,,
Car 96,queue,pump_queue_wait_begins,15880.0,,,,,,11.0,50.0
Car 96,resource_use,payment_begins,15880.0,,,,1.0,,11.0,50.0
StationTank,fuel_level_change,fuel_level_change,15900.0,,,,,11.0,,
Car 96,resource_use,payment_ends,15913.0,,,,1.0,,11.0,50.0
Car 96,resource_use,pumping_begins,15913.0,,,,1.0,,11.0,50.0
StationTank,fuel_level_change,fuel_level_change,15960.0,,,,,11.0,,
StationTank,fuel_level_change,fuel_level_change,16020.0,,,,,11.0,,
Car 97,arrival_departure,arrival,16061.0,,,,,,,
Car 97,queue,pump_queue_wait_begins,16061.0,,,,,,15.0,50.0
StationTank,fuel_level_change,fuel_level_change,16080.0,,,,,11.0,,
Car 98,arrival_departure,arrival,16122.0,,,,,,,
Car 98,queue,pump_queue_wait_begins,16122.0,,,,,,6.0,50.0
StationTank,fuel_level_change,fuel_level_change,16140.0,,,,,11.0,,
Car 99,arrival_departure,arrival,16181.0,,,,,,,
Car 99,queue,pump_queue_wait_begins,16181.0,,,,,,21.0,50.0
StationTank,fuel_level_change,fuel_level_change,16200.0,,,,,11.0,,
StationTank,fuel_level_change,fuel_level_change,16260.0,,,,,11.0,,
StationTank,fuel_level_change,fuel_level_change,16320.0,,,,,11.0,,
StationTank,fuel_level_change,fuel_level_change,16380.0,,,,,11.0,,
StationTank,fuel_level_change,fuel_level_change,16440.0,,,,,11.0,,
Car 100,arrival_departure,arrival,16455.0,,,,,,,
Car 100,queue,pump_queue_wait_begins,16455.0,,,,,,6.0,50.0
StationTank,fuel_level_change,fuel_level_change,16500.0,,,,,11.0,,
Truck 8,arrival_departure,depart,16530.0,,,,,,,
Car 96,resource_use_end,pumping_ends,16549.5,,,,1.0,,11.0,50.0
Car 96,arrival_departure,depart,16549.5,,,,,,,
Car 97,resource_use,payment_begins,16549.5,,,,1.0,,15.0,50.0
Car 95,resource_use_end,pumping_ends,16550.5,,,,2.0,,9.0,50.0
Car 95,arrival_departure,depart,16550.5,,,,,,,
Car 98,resource_use,payment_begins,16550.5,,,,2.0,,6.0,50.0
StationTank,fuel_level_change,fuel_level_change,16560.0,,,,,320.0,,
Car 101,arrival_departure,arrival,16565.0,,,,,,,
Car 101,queue,pump_queue_wait_begins,16565.0,,,,,,7.0,50.0
Car 98,resource_use,payment_ends,16585.5,,,,2.0,,6.0,50.0
Car 98,resource_use,pumping_begins,16585.5,,,,2.0,,6.0,50.0
Car 98,resource_use_end,pumping_ends,16607.5,,,,2.0,,6.0,50.0
Car 98,arrival_departure,depart,16607.5,,,,,,,
Car 99,resource_use,payment_begins,16607.5,,,,2.0,,21.0,50.0
Car 97,resource_use,payment_ends,16611.5,,,,1.0,,15.0,50.0
Car 97,resource_use,pumping_begins,16611.5,,,,1.0,,15.0,50.0
StationTank,fuel_level_change,fuel_level_change,16620.0,,,,,241.0,,
Car 97,resource_use_end,pumping_ends,16629.0,,,,1.0,,15.0,50.0
Car 97,arrival_departure,depart,16629.0,,,,,,,
Car 100,resource_use,payment_begins,16629.0,,,,1.0,,6.0,50.0
Car 100,resource_use,payment_ends,16663.0,,,,1.0,,6.0,50.0
Car 100,resource_use,pumping_begins,16663.0,,,,1.0,,6.0,50.0
Car 99,resource_use,payment_ends,16675.5,,,,2.0,,21.0,50.0
Car 99,resource_use,pumping_begins,16675.5,,,,2.0,,21.0,50.0
StationTank,fuel_level_change,fuel_level_change,16680.0,,,,,168.0,,
Car 100,resource_use_end,pumping_ends,16685.0,,,,1.0,,6.0,50.0
Car 100,arrival_departure,depart,16685.0,,,,,,,
Car 101,resource_use,payment_begins,16685.0,,,,1.0,,7.0,50.0
Car 102,arrival_departure,arrival,16690.0,,,,,,,
Car 102,queue,pump_queue_wait_begins,16690.0,,,,,,17.0,50.0
Car 99,resource_use_end,pumping_ends,16690.0,,,,2.0,,21.0,50.0
Car 99,arrival_departure,depart,16690.0,,,,,,,
Car 102,resource_use,payment_begins,16690.0,,,,2.0,,17.0,50.0
Car 102,resource_use,payment_ends,16727.0,,,,2.0,,17.0,50.0
Car 102,resource_use,pumping_begins,16727.0,,,,2.0,,17.0,50.0
StationTank,fuel_level_change,fuel_level_change,16740.0,,,,,135.0,,
Car 102,resource_use_end,pumping_ends,16743.5,,,,2.0,,17.0,50.0
Car 102,arrival_departure,depart,16743.5,,,,,,,
Car 101,resource_use,payment_ends,16758.0,,,,1.0,,7.0,50.0
Car 101,resource_use,pumping_begins,16758.0,,,,1.0,,7.0,50.0
Call 9,arrival_departure,arrival,16760.0,,,,,,,
Call 9,queue,calling_truck,16760.0,,,,,,,
Car 101,resource_use_end,pumping_ends,16779.5,,,,1.0,,7.0,50.0
Car 101,arrival_departure,depart,16779.5,,,,,,,
StationTank,fuel_level_change,fuel_level_change,16800.0,,,,,92.0,,
Car 103,arrival_departure,arrival,16840.0,,,,,,,
Car 103,queue,pump_queue_wait_begins,16840.0,,,,,,23.0,50.0
Car 103,resource_use,payment_begins,16840.0,,,,2.0,,23.0,50.0
StationTank,fuel_level_change,fuel_level_change,16860.0,,,,,92.0,,
Car 103,resource_use,payment_ends,16908.0,,,,2.0,,23.0,50.0
Car 103,resource_use,pumping_begins,16908.0,,,,2.0,,23.0,50.0
StationTank,fuel_level_change,fuel_level_change,16920.0,,,,,65.0,,
Car 103,resource_use_end,pumping_ends,16921.5,,,,2.0,,23.0,50.0
Car 103,arrival_departure,depart,16921.5,,,,,,,
StationTank,fuel_level_change,fuel_level_change,16980.0,,,,,65.0,,
Car 104,arrival_departure,arrival,16996.0,,,,,,,
Car 104,queue,pump_queue_wait_begins,16996.0,,,,,,24.0,50.0
Car 104,resource_use,payment_begins,16996.0,,,,1.0,,24.0,50.0
Car 104,resource_use,payment_ends,17031.0,,,,1.0,,24.0,50.0
Car 104,resource_use,pumping_begins,17031.0,,,,1.0,,24.0,50.0
StationTank,fuel_level_change,fuel_level_change,17040.0,,,,,39.0,,
Car 104,resource_use_end,pumping_ends,17044.0,,,,1.0,,24.0,50.0
Car 104,arrival_departure,depart,17044.0,,,,,,,
Car 105,arrival_departure,arrival,17046.0,,,,,,,
Car 105,queue,pump_queue_wait_begins,17046.0,,,,,,23.0,50.0
Car 105,resource_use,payment_begins,17046.0,,,,2.0,,23.0,50.0
Call 9,arrival_departure,depart,17060.0,,,,,,,
Truck 9,arrival_departure,arrival,17060.0,,,,,,,
Truck 9,queue,refueling,17060.0,,,,,,,
StationTank,fuel_level_change,fuel_level_change,17100.0,,,,,39.0,,
Car 105,resource_use,payment_ends,17112.0,,,,2.0,,23.0,50.0
Car 105,resource_use,pumping_begins,17112.0,,,,2.0,,23.0,50.0
Car 105,resource_use_end,pumping_ends,17125.5,,,,2.0,,23.0,50.0
Car 105,arrival_departure,depart,17125.5,,,,,,,
StationTank,fuel_level_change,fuel_level_change,17160.0,,,,,12.0,,
StationTank,fuel_level_change,fuel_level_change,17220.0,,,,,12.0,,
StationTank,fuel_level_change,fuel_level_change,17280.0,,,,,12.0,,
Car 106,arrival_departure,arrival,17290.0,,,,,,,
Car 106,queue,pump_queue_wait_begins,17290.0,,,,,,15.0,50.0
Car 106,resource_use,payment_begins,17290.0,,,,1.0,,15.0,50.0
StationTank,fuel_level_change,fuel_level_change,17340.0,,,,,12.0,,
Car 106,resource_use,payment_ends,17379.0,,,,1.0,,15.0,50.0
Car 106,resource_use,pumping_begins,17379.0,,,,1.0,,15.0,50.0
StationTank,fuel_level_change,fuel_level_change,17400.0,,,,,12.0,,
StationTank,fuel_level_change,fuel_level_change,17460.0,,,,,12.0,,
StationTank,fuel_level_change,fuel_level_change,17520.0,,,,,12.0,,
StationTank,fuel_level_change,fuel_level_change,17580.0,,,,,12.0,,
Car 107,arrival_departure,arrival,17587.0,,,,,,,
Car 107,queue,pump_queue_wait_begins,17587.0,,,,,,11.0,50.0
Car 107,resource_use,payment_begins,17587.0,,,,2.0,,11.0,50.0
StationTank,fuel_level_change,fuel_level_change,17640.0,,,,,12.0,,
Car 107,resource_use,payment_ends,17659.0,,,,2.0,,11.0,50.0
Car 107,resource_use,pumping_begins,17659.0,,,,2.0,,11.0,50.0
StationTank,fuel_level_change,fuel_level_change,17700.0,,,,,12.0,,
Car 108,arrival_departure,arrival,17750.0,,,,,,,
Car 108,queue,pump_queue_wait_begins,17750.0,,,,,,12.0,50.0
StationTank,fuel_level_change,fuel_level_change,17760.0,,,,,12.0,,
StationTank,fuel_level_change,fuel_level_change,17820.0,,,,,12.0,,
StationTank,fuel_level_change,fuel_level_change,17880.0,,,,,12.0,,
Car 109,arrival_departure,arrival,17940.0,,,,,,,
Car 109,queue,pump_queue_wait_begins,17940.0,,,,,,17.0,50.0
StationTank,fuel_level_change,fuel_level_change,17940.0,,,,,12.0,,
StationTank,fuel_level_change,fuel_level_change,18000.0,,,,,12.0,,
Truck 9,arrival_departure,depart,18060.0,,,,,,,
StationTank,fuel_level_change,fuel_level_change,18060.0,,,,,373.0,,
Car 106,resource_use_end,pumping_ends,18077.5,,,,1.0,,15.0,50.0
Car 106,arrival_departure,depart,18077.5,,,,,,,
Car 108,resource_use,payment_begins,18077.5,,,,1.0,,12.0,50.0
Car 107,resource_use_end,pumping_ends,18079.5,,,,2.0,,11.0,50.0
Car 107,arrival_departure,depart,18079.5,,,,,,,
Car 109,resource_use,payment_begins,18079.5,,,,2.0,,17.0,50.0
Car 110,arrival_departure,arrival,18105.0,,,,,,,
Car 110,queue,pump_queue_wait_begins,18105.0,,,,,,19.0,50.0
Car 108,resource_use,payment_ends,18115.5,,,,1.0,,12.0,50.0
Car 108,resource_use,pumping_begins,18115.5,,,,1.0,,12.0,50.0
StationTank,fuel_level_change,fuel_level_change,18120.0,,,,,261.0,,
Car 108,resource_use_end,pumping_ends,18134.5,,,,1.0,,12.0,50.0
Car 108,arrival_departure,depart,18134.5,,,,,,,
Car 110,resource_use,payment_begins,18134.5,,,,1.0,,19.0,50.0
Car 109,resource_use,payment_ends,18151.5,,,,2.0,,17.0,50.0
Car 109,resource_use,pumping_begins,18151.5,,,,2.0,,17.0,50.0
Car 109,resource_use_end,pumping_ends,18168.0,,,,2.0,,17.0,50.0
Car 109,arrival_departure,depart,18168.0,,,,,,,
StationTank,fuel_level_change,fuel_level_change,18180.0,,,,,228.0,,
Car 110,resource_use,payment_ends,18184.5,,,,1.0,,19.0,50.0
Car 110,resource_use,pumping_begins,18184.5,,,,1.0,,19.0,50.0
Car 110,resource_use_end,pumping_ends,18200.0,,,,1.0,,19.0,50.0
Car 110,arrival_departure,depart,18200.0,,,,,,,
StationTank,fuel_level_change,fuel_level_change,18240.0,,,,,197.0,,
Car 111,arrival_departure,arrival,18288.0,,,,,,,
Car 111,queue,pump_queue_wait_begins,18288.0,,,,,,5.0,50.0
Car 111,resource_use,payment_begins,18288.0,,,,2.0,,5.0,50.0
StationTank,fuel_level_change,fuel_level_change,18300.0,,,,,197.0,,
Car 111,resource_use,payment_ends,18347.0,,,,2.0,,5.0,50.0
Car 111,resource_use,pumping_begins,18347.0,,,,2.0,,5.0,50.0
Car 112,arrival_departure,arrival,18355.0,,,,,,,
Car 112,queue,pump_queue_wait_begins,18355.0,,,,,,7.0,50.0
Car 112,resource_use,payment_begins,18355.0,,,,1.0,,7.0,50.0
StationTank,fuel_level_change,fuel_level_change,18360.0,,,,,152.0,,
Car 111,resource_use_end,pumping_ends,18369.5,,,,2.0,,5.0,50.0
Car 111,arrival_departure,depart,18369.5,,,,,,,
Car 112,resource_use,payment_ends,18419.0,,,,1.0,,7.0,50.0
Car 112,resource_use,pumping_begins,18419.0,,,,1.0,,7.0,50.0
StationTank,fuel_level_change,fuel_level_change,18420.0,,,,,109.0,,
Car 113,arrival_departure,arrival,18436.0,,,,,,,
Car 113,queue,pump_queue_wait_begins,18436.0,,,,,,21.0,50.0
Car 113,resource_use,payment_begins,18436.0,,,,2.0,,21.0,50.0
Car 112,resource_use_end,pumping_ends,18440.5,,,,1.0,,7.0,50.0
Car 112,arrival_departure,depart,18440.5,,,,,,,
StationTank,fuel_level_change,fuel_level_change,18480.0,,,,,109.0,,
Car 113,resource_use,payment_ends,18482.0,,,,2.0,,21.0,50.0
Car 113,resource_use,pumping_begins,18482.0,,,,2.0,,21.0,50.0
Call 10,arrival_departure,arrival,18490.0,,,,,,,
Call 10,queue,calling_truck,18490.0,,,,,,,
Car 113,resource_use_end,pumping_ends,18496.5,,,,2.0,,21.0,50.0
Car 113,arrival_departure,depart,18496.5,,,,,,,
StationTank,fuel_level_change,fuel_level_change,18540.0,,,,,80.0,,
Car 114,arrival_departure,arrival,18575.0,,,,,,,
Car 114,queue,pump_queue_wait_begins,18575.0,,,,,,16.0,50.0
Car 114,resource_use,payment_begins,18575.0,,,,1.0,,16.0,50.0
StationTank,fuel_level_change,fuel_level_change,18600.0,,,,,80.0,,
StationTank,fuel_level_change,fuel_level_change,18660.0,,,,,80.0,,
Car 114,resource_use,payment_ends,18661.0,,,,1.0,,16.0,50.0
Car 114,resource_use,pumping_begins,18661.0,,,,1.0,,16.0,50.0
Car 115,arrival_departure,arrival,18672.0,,,,,,,
Car 115,queue,pump_queue_wait_begins,18672.0,,,,,,12.0,50.0
Car 115,resource_use,payment_begins,18672.0,,,,2.0,,12.0,50.0
Car 114,resource_use_end,pumping_ends,18678.0,,,,1.0,,16.0,50.0
Car 114,arrival_departure,depart,18678.0,,,,,,,
StationTank,fuel_level_change,fuel_level_change,18720.0,,,,,46.0,,
Car 115,resource_use,payment_ends,18725.0,,,,2.0,,12.0,50.0
Car 115,resource_use,pumping_begins,18725.0,,,,2.0,,12.0,50.0
Car 116,arrival_departure,arrival,18737.0,,,,,,,
Car 116,queue,pump_queue_wait_begins,18737.0,,,,,,10.0,50.0
Car 116,resource_use,payment_begins,18737.0,,,,1.0,,10.0,50.0
Car 115,resource_use_end,pumping_ends,18744.0,,,,2.0,,12.0,50.0
Car 115,arrival_departure,depart,18744.0,,,,,,,
StationTank,fuel_level_change,fuel_level_change,18780.0,,,,,8.0,,
Call 10,arrival_departure,depart,18790.0,,,,,,,
Truck 10,arrival_departure,arrival,18790.0,,,,,,,
Truck 10,queue,refueling,18790.0,,,,,,,
Car 116,resource_use,payment_ends,18795.0,,,,1.0,,10.0,50.0
Car 116,resource_use,pumping_begins,18795.0,,,,1.0,,10.0,50.0
StationTank,fuel_level_change,fuel_level_change,18840.0,,,,,8.0,,
StationTank,fuel_level_change,fuel_level_change,18900.0,,,,,8.0,,
Car 117,arrival_departure,arrival,18912.0,,,,,,,
Car 117,queue,pump_queue_wait_begins,18912.0,,,,,,24.0,50.0
Car 117,resource_use,payment_begins,18912.0,,,,2.0,,24.0,50.0
StationTank,fuel_level_change,fuel_level_change,18960.0,,,,,8.0,,
Car 117,resource_use,payment_ends,18993.0,,,,2.0,,24.0,50.0
Car 117,resource_use,pumping_begins,18993.0,,,,2.0,,24.0,50.0
StationTank,fuel_level_change,fuel_level_change,19020.0,,,,,8.0,,
StationTank,fuel_level_change,fuel_level_change,19080.0,,,,,8.0,,
Car 118,arrival_departure,arrival,19096.0,,,,,,,
Car 118,queue,pump_queue_wait_begins,19096.0,,,,,,5.0,50.0
StationTank,fuel_level_change,fuel_level_change,19140.0,,,,,8.0,,
StationTank,fuel_level_change,fuel_level_change,19200.0,,,,,8.0,,
StationTank,fuel_level_change,fuel_level_change,19260.0,,,,,8.0,,
StationTank,fuel_level_change,fuel_level_change,19320.0,,,,,8.0,,
StationTank,fuel_level_change,fuel_level_change,19380.0,,,,,8.0,,
Car 119,arrival_departure,arrival,19396.0,,,,,,,
Car 119,queue,pump_queue_wait_begins,19396.0,,,,,,8.0,50.0
StationTank,fuel_level_change,fuel_level_change,19440.0,,,,,8.0,,
StationTank,fuel_level_change,fuel_level_change,19500.0,,,,,8.0,,
StationTank,fuel_level_change,fuel_level_change,19560.0,,,,,8.0,,
Car 120,arrival_departure,arrival,19579.0,,,,,,,
Car 120,queue,pump_queue_wait_begins,19579.0,,,,,,13.0,50.0
StationTank,fuel_level_change,fuel_level_change,19620.0,,,,,8.0,,
Car 121,arrival_departure,arrival,19677.0,,,,,,,
Car 121,queue,pump_queue_wait_begins,19677.0,,,,,,8.0,50.0
StationTank,fuel_level_change,fuel_level_change,19680.0,,,,,8.0,,
StationTank,fuel_level_change,fuel_level_change,19740.0,,,,,8.0,,
Car 122,arrival_departure,arrival,19766.0,,,,,,,
Car 122,queue,pump_queue_wait_begins,19766.0,,,,,,13.0,50.0
Truck 10,arrival_departure,depart,19790.0,,,,,,,
StationTank,fuel_level_change,fuel_level_change,19800.0,,,,,334.0,,
Car 117,resource_use_end,pumping_ends,19803.0,,,,2.0,,24.0,50.0
Car 117,arrival_departure,depart,19803.0,,,,,,,
Car 118,resource_use,payment_begins,19803.0,,,,2.0,,5.0,50.0
Car 116,resource_use_end,pumping_ends,19810.0,,,,1.0,,10.0,50.0
Car 116,arrival_departure,depart,19810.0,,,,,,,
Car 119,resource_use,payment_begins,19810.0,,,,1.0,,8.0,50.0
Car 118,resource_use,payment_ends,19851.0,,,,2.0,,5.0,50.0
Car 118,resource_use,pumping_begins,19851.0,,,,2.0,,5.0,50.0
StationTank,fuel_level_change,fuel_level_change,19860.0,,,,,289.0,,
Car 118,resource_use_end,pumping_ends,19873.5,,,,2.0,,5.0,50.0
Car 118,arrival_departure,depart,19873.5,,,,,,,
Car 120,resource_use,payment_begins,19873.5,,,,2.0,,13.0,50.0
Car 123,arrival_departure,arrival,19875.0,,,,,,,
Car 123,queue,pump_queue_wait_begins,19875.0,,,,,,11.0,50.0
Car 119,resource_use,payment_ends,19878.0,,,,1.0,,8.0,50.0
Car 119,resource_use,pumping_begins,19878.0,,,,1.0,,8.0,50.0
Car 119,resource_use_end,pumping_ends,19899.0,,,,1.0,,8.0,50.0
Car 119,arrival_departure,depart,19899.0,,,,,,,
Car 121,resource_use,payment_begins,19899.0,,,,1.0,,8.0,50.0
Car 120,resource_use,payment_ends,19916.5,,,,2.0,,13.0,50.0
Car 120,resource_use,pumping_begins,19916.5,,,,2.0,,13.0,50.0
StationTank,fuel_level_change,fuel_level_change,19920.0,,,,,210.0,,
Car 120,resource_use_end,pumping_ends,19935.0,,,,2.0,,13.0,50.0
Car 120,arrival_departure,depart,19935.0,,,,,,,
Car 122,resource_use,payment_begins,19935.0,,,,2.0,,13.0,50.0
Car 121,resource_use,payment_ends,19972.0,,,,1.0,,8.0,50.0
Car 121,resource_use,pumping_begins,19972.0,,,,1.0,,8.0,50.0
StationTank,fuel_level_change,fuel_level_change,19980.0,,,,,168.0,,
Car 121,resource_use_end,pumping_ends,19993.0,,,,1.0,,8.0,50.0
Car 121,arrival_departure,depart,19993.0,,,,,,,
Car 123,resource_use,payment_begins,19993.0,,,,1.0,,11.0,50.0
Car 122,resource_use,payment_ends,20005.0,,,,2.0,,13.0,50.0
Car 122,resource_use,pumping_begins,20005.0,,,,2.0,,13.0,50.0
Car 122,resource_use_end,pumping_ends,20023.5,,,,2.0,,13.0,50.0
Car 122,arrival_departure,depart,20023.5,,,,,,,
StationTank,fuel_level_change,fuel_level_change,20040.0,,,,,131.0,,
Car 123,resource_use,payment_ends,20077.0,,,,1.0,,11.0,50.0
Car 123,resource_use,pumping_begins,20077.0,,,,1.0,,11.0,50.0
Car 124,arrival_departure,arrival,20080.0,,,,,,,
Car 124,queue,pump_queue_wait_begins,20080.0,,,,,,21.0,50.0
Call 11,arrival_departure,arrival,20080.0,,,,,,,
Call 11,queue,calling_truck,20080.0,,,,,,,
Car 124,resource_use,payment_begins,20080.0,,,,2.0,,21.0,50.0
Car 123,resource_use_end,pumping_ends,20096.5,,,,1.0,,11.0,50.0
Car 123,arrival_departure,depart,20096.5,,,,,,,
StationTank,fuel_level_change,fuel_level_change,20100.0,,,,,92.0,,
Car 124,resource_use,payment_ends,20141.0,,,,2.0,,21.0,50.0
Car 124,resource_use,pumping_begins,20141.0,,,,2.0,,21.0,50.0
Car 124,resource_use_end,pumping_ends,20155.5,,,,2.0,,21.0,50.0
Car 124,arrival_departure,depart,20155.5,,,,,,,
StationTank,fuel_level_change,fuel_level_change,20160.0,,,,,63.0,,
StationTank,fuel_level_change,fuel_level_change,20220.0,,,,,63.0,,
Car 125,arrival_departure,arrival,20245.0,,,,,,,
Car 125,queue,pump_queue_wait_begins,20245.0,,,,,,6.0,50.0
Car 125,resource_use,payment_begins,20245.0,,,,1.0,,6.0,50.0
StationTank,fuel_level_change,fuel_level_change,20280.0,,,,,63.0,,
Car 125,resource_use,payment_ends,20280.0,,,,1.0,,6.0,50.0
Car 125,resource_use,pumping_begins,20280.0,,,,1.0,,6.0,50.0
Car 125,resource_use_end,pumping_ends,20302.0,,,,1.0,,6.0,50.0
Car 125,arrival_departure,depart,20302.0,,,,,,,
StationTank,fuel_level_change,fuel_level_change,20340.0,,,,,19.0,,
Call 11,arrival_departure,depart,20380.0,,,,,,,
Truck 11,arrival_departure,arrival,20380.0,,,,,,,
Truck 11,queue,refueling,20380.0,,,,,,,
StationTank,fuel_level_change,fuel_level_change,20400.0,,,,,19.0,,
Car 126,arrival_departure,arrival,20403.0,,,,,,,
Car 126,queue,pump_queue_wait_begins,20403.0,,,,,,13.0,50.0
Car 126,resource_use,payment_begins,20403.0,,,,2.0,,13.0,50.0
Car 126,resource_use,payment_ends,20435.0,,,,2.0,,13.0,50.0
Car 126,resource_use,pumping_begins,20435.0,,,,2.0,,13.0,50.0
StationTank,fuel_level_change,fuel_level_change,20460.0,,,,,19.0,,
StationTank,fuel_level_change,fuel_level_change,20520.0,,,,,19.0,,
StationTank,fuel_level_change,fuel_level_change,20580.0,,,,,19.0,,
StationTank,fuel_level_change,fuel_level_change,20640.0,,,,,19.0,,
Car 127,arrival_departure,arrival,20649.0,,,,,,,
Car 127,queue,pump_queue_wait_begins,20649.0,,,,,,15.0,50.0
Car 127,resource_use,payment_begins,20649.0,,,,1.0,,15.0,50.0
Car 128,arrival_departure,arrival,20680.0,,,,,,,
Car 128,queue,pump_queue_wait_begins,20680.0,,,,,,25.0,50.0
StationTank,fuel_level_change,fuel_level_change,20700.0,,,,,19.0,,
Car 127,resource_use,payment_ends,20728.0,,,,1.0,,15.0,50.0
Car 127,resource_use,pumping_begins,20728.0,,,,1.0,,15.0,50.0
StationTank,fuel_level_change,fuel_level_change,20760.0,,,,,19.0,,
Car 129,arrival_departure,arrival,20776.0,,,,,,,
Car 129,queue,pump_queue_wait_begins,20776.0,,,,,,10.0,50.0
StationTank,fuel_level_change,fuel_level_change,20820.0,,,,,19.0,,
StationTank,fuel_level_change,fuel_level_change,20880.0,,,,,19.0,,
Car 130,arrival_departure,arrival,20940.0,,,,,,,
Car 130,queue,pump_queue_wait_begins,20940.0,,,,,,22.0,50.0
StationTank,fuel_level_change,fuel_level_change,20940.0,,,,,19.0,,
StationTank,fuel_level_change,fuel_level_change,21000.0,,,,,19.0,,
StationTank,fuel_level_change,fuel_level_change,21060.0,,,,,19.0,,
StationTank,fuel_level_change,fuel_level_change,21120.0,,,,,19.0,,
StationTank,fuel_level_change,fuel_level_change,21180.0,,,,,19.0,,
Car 131,arrival_departure,arrival,21196.0,,,,,,,
Car 131,queue,pump_queue_wait_begins,21196.0,,,,,,22.0,50.0
StationTank,fuel_level_change,fuel_level_change,21240.0,,,,,19.0,,
StationTank,fuel_level_change,fuel_level_change,21300.0,,,,,19.0,,
StationTank,fuel_level_change,fuel_level_change,21360.0,,,,,19.0,,
Truck 11,arrival_departure,depart,21380.0,,,,,,,
Car 127,resource_use_end,pumping_ends,21397.5,,,,1.0,,15.0,50.0
Car 127,arrival_departure,depart,21397.5,,,,,,,
Car 128,resource_use,payment_begins,21397.5,,,,1.0,,25.0,50.0
Car 126,resource_use_end,pumping_ends,21398.5,,,,2.0,,13.0,50.0
Car 126,arrival_departure,depart,21398.5,,,,,,,
Car 129,resource_use,payment_begins,21398.5,,,,2.0,,10.0,50.0
StationTank,fuel_level_change,fuel_level_change,21420.0,,,,,328.0,,
Car 128,resource_use,payment_ends,21427.5,,,,1.0,,25.0,50.0
Car 128,resource_use,pumping_begins,21427.5,,,,1.0,,25.0,50.0
Car 129,resource_use,payment_ends,21435.5,,,,2.0,,10.0,50.0
Car 129,resource_use,pumping_begins,21435.5,,,,2.0,,10.0,50.0
Car 128,resource_use_end,pumping_ends,21440.0,,,,1.0,,25.0,50.0
Car 128,arrival_departure,depart,21440.0,,,,,,,
Car 130,resource_use,payment_begins,21440.0,,,,1.0,,22.0,50.0
Car 132,arrival_departure,arrival,21444.0,,,,,,,
Car 132,queue,pump_queue_wait_begins,21444.0,,,,,,22.0,50.0
Car 129,resource_use_end,pumping_ends,21455.5,,,,2.0,,10.0,50.0
Car 129,arrival_departure,depart,21455.5,,,,,,,
Car 131,resource_use,payment_begins,21455.5,,,,2.0,,22.0,50.0
Car 130,resource_use,payment_ends,21474.0,,,,1.0,,22.0,50.0
Car 130,resource_use,pumping_begins,21474.0,,,,1.0,,22.0,50.0
StationTank,fuel_level_change,fuel_level_change,21480.0,,,,,235.0,,
Car 131,resource_use,payment_ends,21487.5,,,,2.0,,22.0,50.0
Car 131,resource_use,pumping_begins,21487.5,,,,2.0,,22.0,50.0
Car 130,resource_use_end,pumping_ends,21488.0,,,,1.0,,22.0,50.0
Car 130,arrival_departure,depart,21488.0,,,,,,,
Car 132,resource_use,payment_begins,21488.0,,,,1.0,,22.0,50.0
Car 131,resource_use_end,pumping_ends,21501.5,,,,2.0,,22.0,50.0
Car 131,arrival_departure,depart,21501.5,,,,,,,
StationTank,fuel_level_change,fuel_level_change,21540.0,,,,,207.0,,
Car 133,arrival_departure,arrival,21550.0,,,,,,,
Car 133,queue,pump_queue_wait_begins,21550.0,,,,,,23.0,50.0
Car 133,resource_use,payment_begins,21550.0,,,,2.0,,23.0,50.0
Car 132,resource_use,payment_ends,21571.0,,,,1.0,,22.0,50.0
Car 132,resource_use,pumping_begins,21571.0,,,,1.0,,22.0,50.0
Car 132,resource_use_end,pumping_ends,21585.0,,,,1.0,,22.0,50.0
Car 132,arrival_departure,depart,21585.0,,,,,,,
